流水號,文件類型,公文字號,日期,公文日期,類別,字,文號,主旨,發文單位,受文單位,收發狀態,收文日期,發文形式,備註,承攬案件,系統輸出日期
1,發文,乾坤測字第1140000001號,2025-01-02,中華民國114年1月2日,函,乾坤測,1140000001,檢送「埔里工務段、信義工務段優先關注邊坡光達應用暨進階檢測圖資建置計畫(第六期)」竣工報告表1式6份，請查照。,乾坤測繪科技有限公司,A15030200HU121900 (交通部公路局中區養護工程分局埔里工務段),使用者確認,2025-01-02 11:04:50,電子,,,2025-04-10
2,發文,乾坤測字第1140000002號,2025-01-02,中華民國114年1月2日,函,乾坤測,1140000002,有關「中壢區龍岡路/4-1-10M計畫道路路口瓶頸打通工程」案徵收市價查估作業派工單正本，本公司已於113年12月31日用印回擲，請查照。,乾坤測繪科技有限公司,380110000G (桃園市政府工務局),使用者確認,2025-01-02 15:19:46,電子,,,2025-04-10
3,收文,桃工用字第1140000026號,2025-01-02,中華民國114年1月2日,函,桃工用,1140000026,有關「112至113年度桃園市轄內興辦公共設施工程用地取得所需土地市價及地上物查估、測量作業暨相關計畫書製作委託專業服務(開口契約)」114年度第1次教育訓練一案，詳如說明，請查照惠復。,桃園市政府工務局,EB50819619 乾坤測繪科技有限公司,收文完成,2025-01-02 14:16:18,電子,,,2025-04-10
4,發文,乾坤測字第1140000003號,2025-01-03,中華民國114年1月3日,函,乾坤測,1140000003,檢送本公司辦理桃園市「中壢區龍勇路（興元路至龍仁路）道路拓寬工程」地上物查估作業修正後成果乙式，請查照。,乾坤測繪科技有限公司,380110000G (桃園市政府工務局),使用者確認,2025-01-03 12:39:40,電子,,,2025-04-10
5,發文,乾坤測字第1140000004號,2025-01-03,中華民國114年1月3日,函,乾坤測,1140000004,檢送本公司辦理「112至113年度桃園市轄內興辦公共設施工程用地取得所需土地市價及地上物查估、測量作業暨相關計畫書製作委託專業服務(開口契約)」查估作業修正後成果，詳如說明二，請查照。,乾坤測繪科技有限公司,380110000G (桃園市政府工務局),使用者確認,2025-01-03 12:39:40,電子,,,2025-04-10
6,收文,桃工用字第1130055305號,2025-01-03,中華民國114年1月3日,會勘通知單,桃工用,1130055305,為辦理本市「臺鐵地下化中路站前廣場及園道用地」用地取得案內桃園區皮寮段22-1、75-2、77-4、77-6、77-7地號等5筆土地鑑界,桃園市政府工務局,EB50819619 乾坤測繪科技有限公司,收文完成,2025-01-03 16:10:55,電子,,,2025-04-10
7,收文,桃工用字第1130055351號,2025-01-03,中華民國114年1月3日,函,桃工用,1130055351,有關本府召開本市地價及標準地價評議委員會114年第1次會議，詳如說明，請查照。,桃園市政府工務局,EB50819619 乾坤測繪科技有限公司,收文完成,2025-01-03 12:02:12,電子,,,2025-04-10
8,收文,桃工用字第1140000282號,2025-01-03,中華民國114年1月3日,函,桃工用,1140000282,檢送本局114年1月2日召開「龍潭區龍新路(桃20)霄裡溪至三和國小道路拓寬(一期)」道路中心及路權樁確認會勘紀錄1份，請查照。,桃園市政府工務局,EB50819619 乾坤測繪科技有限公司,收文完成,2025-01-03 12:11:56,電子,,,2025-04-10
9,收文,中分局單埔字第1145000449號,2025-01-06,中華民國114年1月6日,函,中分局單埔,1145000449,有關貴公司提送「埔里工務段、信義工務段優先關注邊坡光達應用暨進階檢測圖資建置計畫(第六期)」汛期後綜合評估報告，詳如說明，請查照。,交通部公路局中區養護工程分局埔里工務段,EB50819619 乾坤測繪科技有限公司,收文完成,2025-01-06 14:47:17,電子,,,2025-04-10
10,收文,桃工用字第1140000325號,2025-01-06,中華民國114年1月6日,函,桃工用,1140000325,為辦理本市桃園區「同德十二街道路開闢工程」用地取得範圍內土地改良物查估作業，請臺端依排定時間會同查估，請查照。,桃園市政府工務局,EB50819619 乾坤測繪科技有限公司,收文完成,2025-01-06 16:30:40,電子,,,2025-04-10
11,發文,乾坤測字第1140000007號,2025-01-07,中華民國114年1月7日,函,乾坤測,1140000007,檢送「埔里工務段、信義工務段優先關注邊坡光達應用暨進階檢測圖資建置計畫(第六期)」第四季評估報告(修正版)乙式，請查照。,乾坤測繪科技有限公司,A15030200H (交通部公路局中區養護工程分局),使用者確認,2025-01-07 10:25:54,電子,,,2025-04-10
12,發文,乾坤測字第1140000007號,2025-01-07,中華民國114年1月7日,函,乾坤測,1140000007,檢送「埔里工務段、信義工務段優先關注邊坡光達應用暨進階檢測圖資建置計畫(第六期)」第四季評估報告(修正版)乙式，請查照。,乾坤測繪科技有限公司,A15030200HU121900 (交通部公路局中區養護工程分局埔里工務段),使用者確認,2025-01-07 10:24:46,電子,,,2025-04-10
13,收文,測應字第1141565110號,2025-01-07,中華民國114年1月7日,函,測應,1141565110,貴團隊所送本中心「112年及113年多維度空間資訊基礎圖資監審工作採購案」（案號：NLSC－112－18）第1作業區第7階段成果經本中心驗收合格，請查照。,內政部國土測繪中心,EB50819619 乾坤測繪科技有限公司,收文完成,2025-01-07 16:21:05,電子,,,2025-04-10
14,收文,大有行電字第1140040001號,2025-01-08,中華民國114年1月8日,函,大有行電,1140040001,"有關貴公司委託本所辦理「112年至113年度桃園市轄內興辦公共設施工程用地取得所需土地市價及地上物查估、測量作業暨相關計畫書製作委託專業服務(開口契約)」一案，本所依完成契約之工作項目請領服務費用，計新台幣492,228元整，檢附請款明細表1份，敬請查照。",大有國際不動產估價師聯合事務所,EB50819619 乾坤測繪科技有限公司,收文完成,2025-01-09 08:06:28,電子,,,2025-04-10
15,收文,桃工用字第1140000610號,2025-01-08,中華民國114年1月8日,函,桃工用,1140000610,有關貴公司提送「112至113年度桃園市轄內興辦公共設施工程用地取得所需土地市價及地上物查估、測量作業暨相關計畫書製作委託專業服務(開口契約)後續擴充」教育訓練講習課程計畫書一案，經本局核准通過，請查照。,桃園市政府工務局,EB50819619 乾坤測繪科技有限公司,收文完成,2025-01-08 14:56:26,電子,,,2025-04-10
16,收文,桃工用字第1140000690號,2025-01-08,中華民國114年1月8日,函,桃工用,1140000690,有關本府地政局為辦理本市114年地價及標準地價評議委員會預為審查專案小組第1次會議，詳如說明，請查照。,桃園市政府工務局,EB50819619 乾坤測繪科技有限公司,收文完成,2025-01-08 14:56:16,電子,,,2025-04-10
17,收文,桃工用字第1140000691號,2025-01-08,中華民國114年1月8日,函,桃工用,1140000691,有關本府地政局為辦理本市114年地價及標準地價評議委員會預為審查專案小組第1次會議，詳如說明，請查照。,桃園市政府工務局,EB50819619 乾坤測繪科技有限公司,收文完成,2025-01-08 14:56:01,電子,,,2025-04-10
18,收文,桃工用字第1140001287號,2025-01-09,中華民國114年1月9日,函,桃工用,1140001287,為辦理「桃園市平鎮東龍科技園區聯外道路拓寬工程」需用土地地上物查估作業，請配合出席確認查估內容，請查照。,桃園市政府工務局,EB50819619 乾坤測繪科技有限公司,收文完成,2025-01-09 11:10:45,電子,,,2025-04-10
19,收文,府建都字第1140013650號,2025-01-10,中華民國114年1月10日,函,府建都,1140013650,有關為辦理「南投市光華段1062地號土地逕為分割1案」之現場樁位點交作業，茲訂於114年1月22日(三)上午9時假南投縣南投市中正路194號(衛生福利部南投醫院)集合前往，屆時請派員辦理，請查照。,南投縣政府,EB50819619 乾坤測繪科技有限公司,收文完成,2025-01-10 13:53:05,電子,,,2025-04-10
20,收文,桃工用字第1140001476號,2025-01-10,中華民國114年1月10日,會勘通知單,桃工用,1140001476,「龍潭區龍新路(桃20)霄裡溪至三和國小道路拓寬(一期)」道路中心及路權樁確認會勘,桃園市政府工務局,EB50819619 乾坤測繪科技有限公司,收文完成,2025-01-10 13:53:15,電子,,,2025-04-10
21,收文,桃工用字第1140001556號,2025-01-10,中華民國114年1月10日,會勘通知單,桃工用,1140001556,本市楊梅區「榮平路(台66快速路五段至榮平路268巷)道路改善工程」樁位成果點交,桃園市政府工務局,EB50819619 乾坤測繪科技有限公司,收文完成,2025-01-10 14:08:01,電子,,,2025-04-10
22,收文,測秘字第1141300069號,2025-01-10,中華民國114年1月10日,函,測秘,1141300069,為支付貴校與乾坤測繪科技有限公司及陶林數值測量工程有限公司共同承攬本中心「112年及113年多維度空間資訊基礎圖資監審工作採購案（第1作業區）」（案號：（案號：NLSC－112－18）第7階段作業款案，復請查照。,內政部國土測繪中心,EB50819619 乾坤測繪科技有限公司,收文完成,2025-01-13 08:13:03,電子,,,2025-04-10
23,收文,桃工用字第1140001737號,2025-01-13,中華民國114年1月13日,函,桃工用,1140001737,檢送本局辦理本市「新屋區中華南路一段(福九路至高鐵南路七段)道路拓寬工程」案，用地取得土地協議價購市價查估作業成果(修正後)一份，請貴局(所)協助審查，請查照。,桃園市政府工務局,EB50819619 乾坤測繪科技有限公司,收文完成,2025-01-13 11:46:20,電子,,,2025-04-10
24,收文,桃工用字第1140001416號,2025-01-14,中華民國114年1月14日,開會通知單,桃工用,1140001416,本市「桃園區興二街(興二街14巷至興二街)」用地取得協議價購土地市價審查會議,桃園市政府工務局,EB50819619 乾坤測繪科技有限公司,收文完成,2025-01-14 16:29:00,電子,,,2025-04-10
25,收文,桃工用字第1140002212號,2025-01-15,中華民國114年1月15日,開會通知單,桃工用,1140002212,本市「桃園區興二街(興二街14巷至興二街)」用地取得協議價購土地市價審查會議,桃園市政府工務局,EB50819619 乾坤測繪科技有限公司,收文完成,2025-01-15 13:43:44,電子,,,2025-04-10
26,發文,乾坤測字第1140000008號,2025-01-16,中華民國114年1月16日,函,乾坤測,1140000008,檢送本公司辦理「112至113年度桃園市轄內興辦公共設施工程用地取得所需土地市價及地上物查估、測量作業暨相關計畫書製作委託專業服務(開口契約)」-派工單號035之「中壢區龍岡路/4-1-10M計畫道路路口瓶頸打通工程」範圍內地上物查估作業成果乙式，請查照。,乾坤測繪科技有限公司,380110000G (桃園市政府工務局),使用者確認,2025-01-17 07:09:56,電子,,,2025-04-10
27,收文,府工用字第11400099681號,2025-01-17,中華民國114年1月17日,開會通知單,府工用,11400099681,本市「平鎮區金陵路五、六段替代道路新闢工程」用地取得協議價購或以其他方式取得會議(第5場),桃園市政府,EB50819619 乾坤測繪科技有限公司,收文完成,2025-01-17 16:23:21,電子,,,2025-04-10
28,收文,府工用字第11400099682號,2025-01-17,中華民國114年1月17日,開會通知單,府工用,11400099682,本市「平鎮區金陵路五、六段替代道路新闢工程」用地取得協議價購或以其他方式取得會議(第6場),桃園市政府,EB50819619 乾坤測繪科技有限公司,收文完成,2025-01-17 16:23:00,電子,,,2025-04-10
29,收文,府工用字第1140009968號,2025-01-17,中華民國114年1月17日,開會通知單,府工用,1140009968,本市「平鎮區金陵路五、六段替代道路新闢工程」用地取得協議價購或以其他方式取得會議(第4場),桃園市政府,EB50819619 乾坤測繪科技有限公司,收文完成,2025-01-17 16:23:13,電子,,,2025-04-10
30,收文,桃工用字第1140002754號,2025-01-17,中華民國114年1月17日,函,桃工用,1140002754,檢送本局114年1月15日召開「龍潭區龍新路(桃20)霄裡溪至三和國小道路拓寬(一期)」道路中心及路權樁確認會勘紀錄(第2次)1份，請查照。,桃園市政府工務局,EB50819619 乾坤測繪科技有限公司,收文完成,2025-01-20 08:24:14,電子,,,2025-04-10
31,發文,乾坤測字第1140000009號,2025-01-22,中華民國114年1月22日,函,乾坤測,1140000009,檢送本公司辦理桃園市「桃園區經國路208巷打通至南通路21巷」案內用地範圍桃園區同安段791地號1筆土地協議價購市價查估作業修正後成果乙式，請查照。,乾坤測繪科技有限公司,380110000G (桃園市政府工務局),使用者確認,2025-01-22 16:55:35,電子,,,2025-04-10
32,收文,桃工用字第1140002528號,2025-01-22,中華民國114年1月22日,函,桃工用,1140002528,檢送本局114年1月8日辦理「桃園市桃園區『經國路208巷打通至南通路21巷』用地取得協議價購土地市價審查會議」會議紀錄1份，請查照。,桃園市政府工務局,EB50819619 乾坤測繪科技有限公司,收文完成,2025-01-22 11:08:38,電子,,,2025-04-10
33,發文,乾坤測字第1140000010號,2025-01-23,中華民國114年1月23日,函,乾坤測,1140000010,檢送本公司辦理「112至113年度桃園市轄內興辦公共設施工程用地取得所需土地市價及地上物查估、測量作業暨相關計畫書製作委託專業服務(開口契約)」查估作業成果電子檔，詳如說明二，請查照。,乾坤測繪科技有限公司,380110000G (桃園市政府工務局),使用者確認,2025-01-23 12:21:36,電子,,,2025-04-10
34,收文,北地二字第1140000523C號,2025-02-03,中華民國114年2月3日,函,北地二,1140000523C,有關114年度委外辦理圖根點補建、新建作業採購案，本所訂於114年2月20日下午2時於3樓會議室召開評審會議，屆時請貴公司依本案評審須知備妥相關資料並派員出席簡報，請查照。,彰化縣北斗地政事務所,EB50819619 乾坤測繪科技有限公司,收文完成,2025-02-04 16:24:40,電子,,,2025-04-10
35,收文,桃工用字第1140003504號,2025-02-04,中華民國114年2月4日,函,桃工用,1140003504,檢退貴公司提送「桃園區國強一街至文中路道路開闢工程」地上物查估作業成果電子檔一案，詳如說明，請查照。,桃園市政府工務局,EB50819619 乾坤測繪科技有限公司,收文完成,2025-02-04 16:24:32,電子,,,2025-04-10
36,收文,桃工用字第1140003982號,2025-02-05,中華民國114年2月5日,開會通知單,桃工用,1140003982,桃園市桃園區「經國路208巷打通至南通路21巷」用地取得協議價購土地市價審查會議(第2次),桃園市政府工務局,EB50819619 乾坤測繪科技有限公司,收文完成,2025-02-05 14:17:14,電子,,,2025-04-10
37,發文,乾坤測字第1140000011號,2025-02-06,中華民國114年2月6日,函,乾坤測,1140000011,檢送本公司辦理「112至113年度桃園市轄內興辦公共設施工程用地取得所需土地市價及地上物查估、測量作業暨相關計畫書製作委託專業服務(開口契約)」-派工單號069之「桃園區民光東路至三元街周邊綠地及道路」地上物查估作業成果乙式，請查照。,乾坤測繪科技有限公司,380110000G (桃園市政府工務局),使用者確認,2025-02-06 16:12:33,電子,,,2025-04-10
38,收文,桃工用字第1140004377號,2025-02-06,中華民國114年2月6日,函,桃工用,1140004377,檢送本局114年1月16日辦理本市楊梅區「榮平路(台66快速路五段至榮平路268巷)道路改善工程」樁位成果點交會勘紀錄及相關資料各1份，請查照。,桃園市政府工務局,EB50819619 乾坤測繪科技有限公司,收文完成,2025-02-06 13:59:39,電子,,,2025-04-10
39,收文,府工用字第11400279591號,2025-02-07,中華民國114年2月7日,函,府工用,11400279591,檢送本府114年2月4日辦理本市「平鎮區金陵路五、六段替代道路新闢工程」用地取得協議價購或以其他方式取得會議(第5場)紀錄1份，請查照。,桃園市政府,EB50819619 乾坤測繪科技有限公司,收文完成,2025-02-07 15:17:38,電子,,,2025-04-10
40,收文,府工用字第11400279592號,2025-02-07,中華民國114年2月7日,函,府工用,11400279592,檢送本府114年2月4日辦理本市「平鎮區金陵路五、六段替代道路新闢工程」用地取得協議價購或以其他方式取得會議(第6場)紀錄1份，請查照。,桃園市政府,EB50819619 乾坤測繪科技有限公司,收文完成,2025-02-07 15:17:20,電子,,,2025-04-10
41,收文,府工用字第1140027959號,2025-02-07,中華民國114年2月7日,函,府工用,1140027959,檢送本府114年2月4日辦理本市「平鎮區金陵路五、六段替代道路新闢工程」用地取得協議價購或以其他方式取得會議(第4場)紀錄1份，請查照。,桃園市政府,EB50819619 乾坤測繪科技有限公司,收文完成,2025-02-07 15:17:30,電子,,,2025-04-10
42,收文,桃工用字第1140004776號,2025-02-11,中華民國114年2月11日,函,桃工用,1140004776,有關貴公司辦理「112至113年度桃園市轄內興辦公共設施工程用地取得所需土地市價及地上物查估、測量作業暨相關計畫書製作委託專業服務(開口契約)」派工單(071)之「楊梅區高上路二段拓寬(路口改善)」控制測量、導線測量及1/1000地形測量作業案，詳如說明，請查照。,桃園市政府工務局,EB50819619 乾坤測繪科技有限公司,收文完成,2025-02-11 14:48:19,電子,,,2025-04-10
43,發文,乾坤測字第1140000014號,2025-02-13,中華民國114年2月13日,函,乾坤測,1140000014,檢送本公司辦理「112至113年度桃園市轄內興辦公共設施工程用地取得所需土地市價及地上物查估、測量作業暨相關計畫書製作委託專業服務(開口契約)」-派工單號068之「桃園市平鎮東龍科技園區聯外道路拓寬工程」地上物查估作業成果乙式，請查照。,乾坤測繪科技有限公司,380110000G (桃園市政府工務局),使用者確認,2025-02-14 07:22:49,電子,,,2025-04-10
44,發文,乾坤測字第1140000015號,2025-02-13,中華民國114年2月13日,函,乾坤測,1140000015,檢送本公司辦理「112至113年度桃園市轄內興辦公共設施工程用地取得所需土地市價及地上物查估、測量作業暨相關計畫書製作委託專業服務(開口契約)」-派工單號060之「桃園區同德十二街道路開闢工程」地上物查估作業成果乙式，請查照。,乾坤測繪科技有限公司,380110000G (桃園市政府工務局),使用者確認,2025-02-14 07:10:36,電子,,,2025-04-10
45,發文,乾坤測字第1140000016號,2025-02-13,中華民國114年2月13日,函,乾坤測,1140000016,檢送本公司辦理「桃園區國強一街至文中路道路開闢工程」地上物查估作業修正後成果乙式，請查照。,乾坤測繪科技有限公司,380110000G (桃園市政府工務局),使用者確認,2025-02-14 07:10:37,電子,,,2025-04-10
46,收文,桃工用字第1140005092號,2025-02-13,中華民國114年2月13日,函,桃工用,1140005092,有關本府召開本市地價及標準地價評議委員會114年第2次會議，詳如說明，請查照。,桃園市政府工務局,EB50819619 乾坤測繪科技有限公司,收文完成,2025-02-13 16:58:03,電子,,,2025-04-10
47,發文,乾坤測字第1140000017號,2025-02-14,中華民國114年2月14日,函,乾坤測,1140000017,檢送「埔里工務段、信義工務段優先關注邊坡光達應用暨進階檢測圖資建置計畫(第六期)」第三期估驗計價表1式4份，請查照。,乾坤測繪科技有限公司,A15030200HU121900 (交通部公路局中區養護工程分局埔里工務段),使用者確認,2025-02-14 12:25:24,電子,,,2025-04-10
48,發文,乾坤測字第1140000018號,2025-02-14,中華民國114年2月14日,函,乾坤測,1140000018,檢送本公司辦理「112至113年度桃園市轄內興辦公共設施工程用地取得所需土地市價及地上物查估、測量作業暨相關計畫書製作委託專業服務(開口契約)」查估作業成果電子檔，詳如說明二，請查照。,乾坤測繪科技有限公司,380110000G (桃園市政府工務局),使用者確認,2025-02-14 12:51:19,電子,,,2025-04-10
49,收文,府建都字第1140034642號,2025-02-14,中華民國114年2月14日,開會通知單,府建都,1140034642,召開114年度南投市東施厝坪段地籍圖重測及都市計畫樁位偏差研商會議,南投縣政府,EB50819619 乾坤測繪科技有限公司,收文完成,2025-02-14 11:18:00,電子,,,2025-04-10
50,收文,教基字第1131208001號,2025-02-16,中華民國114年2月16日,函,教基,1131208001,為支持政府將英語定為第二官方語言並強化全民外語能力，本基金會提供以下補助方案：一、補助學員參加新制多益課程以協助取得證照；二、補助學員參加中級英檢課程以協助取得證照；三、補助學員參加旅遊英文應用對話班；四、補助學員參加英文歌唱班。,臺北市一口氣英語教育基金會,EB50819619 乾坤測繪科技有限公司,收文完成,2025-02-17 08:43:00,電子,,,2025-04-10
51,發文,乾坤測字第1140000019號,2025-02-17,中華民國114年2月17日,函,乾坤測,1140000019,檢送本公司辦理「112至113年度桃園市轄內興辦公共設施工程用地取得所需土地市價及地上物查估、測量作業暨相關計畫書製作委託專業服務(開口契約)」查估作業成果，詳如說明二，請查照。,乾坤測繪科技有限公司,380110000G (桃園市政府工務局),使用者確認,2025-02-17 11:57:04,電子,,,2025-04-10
52,發文,乾坤測字第1140000020號,2025-02-17,中華民國114年2月17日,函,乾坤測,1140000020,檢送本公司辦理「112至113年度桃園市轄內興辦公共設施工程用地取得所需土地市價及地上物查估、測量作業暨相關計畫書製作委託專業服務(開口契約)」查估作業成果，詳如說明二，請查照。,乾坤測繪科技有限公司,380110000G (桃園市政府工務局),使用者確認,2025-02-17 11:57:04,電子,,,2025-04-10
53,發文,乾坤測字第1140000021號,2025-02-17,中華民國114年2月17日,函,乾坤測,1140000021,檢送本公司辦理「112至113年度桃園市轄內興辦公共設施工程用地取得所需土地市價及地上物查估、測量作業暨相關計畫書製作委託專業服務(開口契約)」查估作業成果，詳如說明二，請查照。,乾坤測繪科技有限公司,380110000G (桃園市政府工務局),使用者確認,2025-02-17 11:57:14,電子,,,2025-04-10
54,收文,桃工用字第1140005869號,2025-02-18,中華民國114年2月18日,開會通知單,桃工用,1140005869,本市「龜山區長慶一街(長慶一街至長庚路)」道路開闢用地取得協議價購土地市價審查會議,桃園市政府工務局,EB50819619 乾坤測繪科技有限公司,收文完成,2025-02-18 12:10:29,電子,,,2025-04-10
55,發文,乾坤測字第1140000023號,2025-02-19,中華民國114年2月19日,函,乾坤測,1140000023,有關本公司辦理「112至113年度桃園市轄內興辦公共設施工程用地取得所需土地市價及地上物查估、測量作業暨相關計畫書製作委託專業服務(開口契約)」執行查估作業協力廠商一事，詳如說明，請查照。,乾坤測繪科技有限公司,380110000G (桃園市政府工務局),使用者確認,2025-02-20 07:16:03,電子,,,2025-04-10
56,收文,府建都字第1140040503號,2025-02-19,中華民國114年2月19日,函,府建都,1140040503,檢送114年1月22日辦理「南投市光華段1062地號土地逕為分割1案」現場樁位點交作業紀錄乙份，請查照。,南投縣政府,EB50819619 乾坤測繪科技有限公司,收文完成,2025-02-19 16:35:36,電子,,,2025-04-10
57,收文,桃工用字第1140006009號,2025-02-19,中華民國114年2月19日,函,桃工用,1140006009,本局原訂於114年2月20日(星期四)上午10時於本局研討室(一)召開桃園市桃園區「經國路208巷打通至南通路21巷」用地取得協議價購土地市價審查會議(第2次)，改為書面審查修改報告書，俾利確保時效性，故旨案第2次市價審查會議取消，請查照。,桃園市政府工務局,EB50819619 乾坤測繪科技有限公司,收文完成,2025-02-19 12:45:52,電子,,,2025-04-10
58,收文,桃工用字第1140006071號,2025-02-20,中華民國114年2月20日,函,桃工用,1140006071,有關貴公司檢送「112至113年度桃園市轄內興辦公共設施工程用地取得所需土地市價及地上物查估、測量作業暨相關計畫書製作委託專業服務(開口契約)」派工單(071)之「楊梅區高上路二段拓寬(路口改善)」控制測量、1/1000地形測量及導線測量作業成果核定版1式3份及光碟1份，同意核定，請查照。,桃園市政府工務局,EB50819619 乾坤測繪科技有限公司,收文完成,2025-02-20 15:58:21,電子,,,2025-04-10
59,收文,桃工用字第1140006350號,2025-02-20,中華民國114年2月20日,函,桃工用,1140006350,檢送本局114年2月18日辦理本市「桃園區興二街(興二街14巷至興二街)」用地取得協議價購土地市價審查會議紀錄1份，請查照。,桃園市政府工務局,EB50819619 乾坤測繪科技有限公司,收文完成,2025-02-20 15:58:29,電子,,,2025-04-10
60,收文,府工用字第11400445541號,2025-02-25,中華民國114年2月25日,開會通知單,府工用,11400445541,本市「新屋區中華南路一段(福九路至高鐵南路七段)道路拓寬工程」協議價購或以其他方式取得會議(第2場),桃園市政府,EB50819619 乾坤測繪科技有限公司,收文完成,2025-02-25 16:25:05,電子,,,2025-04-10
61,收文,府工用字第11400445542號,2025-02-25,中華民國114年2月25日,開會通知單,府工用,11400445542,本市「新屋區中華南路一段(福九路至高鐵南路七段)道路拓寬工程」協議價購或以其他方式取得會議(第3場),桃園市政府,EB50819619 乾坤測繪科技有限公司,收文完成,2025-02-25 16:08:53,電子,,,2025-04-10
62,收文,府工用字第11400445543號,2025-02-25,中華民國114年2月25日,開會通知單,府工用,11400445543,本市「新屋區中華南路一段(福九路至高鐵南路七段)道路拓寬工程」協議價購或以其他方式取得會議(第4場),桃園市政府,EB50819619 乾坤測繪科技有限公司,收文完成,2025-02-25 16:25:23,電子,,,2025-04-10
63,收文,府工用字第11400445544號,2025-02-25,中華民國114年2月25日,開會通知單,府工用,11400445544,本市「新屋區中華南路一段(福九路至高鐵南路七段)道路拓寬工程」協議價購或以其他方式取得會議(第5場),桃園市政府,EB50819619 乾坤測繪科技有限公司,收文完成,2025-02-25 16:09:01,電子,,,2025-04-10
64,收文,府工用字第11400445545號,2025-02-25,中華民國114年2月25日,開會通知單,府工用,11400445545,本市「新屋區中華南路一段(福九路至高鐵南路七段)道路拓寬工程」協議價購或以其他方式取得會議(第6場),桃園市政府,EB50819619 乾坤測繪科技有限公司,收文完成,2025-02-25 16:25:14,電子,,,2025-04-10
65,收文,府工用字第11400445546號,2025-02-25,中華民國114年2月25日,開會通知單,府工用,11400445546,本市「新屋區中華南路一段(福九路至高鐵南路七段)道路拓寬工程」協議價購或以其他方式取得會議(第7場),桃園市政府,EB50819619 乾坤測繪科技有限公司,收文完成,2025-02-25 16:28:22,電子,,,2025-04-10
66,收文,府工用字第11400445547號,2025-02-25,中華民國114年2月25日,開會通知單,府工用,11400445547,本市「新屋區中華南路一段(福九路至高鐵南路七段)道路拓寬工程」協議價購或以其他方式取得會議(第8場),桃園市政府,EB50819619 乾坤測繪科技有限公司,收文完成,2025-02-25 16:28:37,電子,,,2025-04-10
67,收文,府工用字第11400445548號,2025-02-25,中華民國114年2月25日,開會通知單,府工用,11400445548,本市「新屋區中華南路一段(福九路至高鐵南路七段)道路拓寬工程」協議價購或以其他方式取得會議(第9場),桃園市政府,EB50819619 乾坤測繪科技有限公司,收文完成,2025-02-25 16:28:29,電子,,,2025-04-10
68,收文,府工用字第1140044554號,2025-02-25,中華民國114年2月25日,開會通知單,府工用,1140044554,本市「新屋區中華南路一段(福九路至高鐵南路七段)道路拓寬工程」協議價購或以其他方式取得會議(第1場),桃園市政府,EB50819619 乾坤測繪科技有限公司,收文完成,2025-02-25 16:09:13,電子,,,2025-04-10
69,收文,桃工用字第1140006317號,2025-02-25,中華民國114年2月25日,函,桃工用,1140006317,有關貴公司承攬本局「112至113年度桃園市轄內興辦公共設施工程用地取得所需土地市價及地上物查估、測量作業暨相關計畫書製作委託專業服務(開口契約)」更換執行查估作業協力廠商一案，詳如說明，請查照。,桃園市政府工務局,EB50819619 乾坤測繪科技有限公司,收文完成,2025-02-25 11:43:02,電子,,,2025-04-10
70,收文,桃工用字第1140006476號,2025-02-25,中華民國114年2月25日,函,桃工用,1140006476,為貴公司承攬本局「112至113年度桃園市轄內興辦公共設施工程用地取得所需土地市價及地上物查估、測量作業暨相關計畫書製作委託專業服務(開口契約)」一案，詳如說明，請查照。,桃園市政府工務局,EB50819619 乾坤測繪科技有限公司,收文完成,2025-02-25 15:40:31,電子,,,2025-04-10
71,發文,乾坤測字第1140000024號,2025-02-26,中華民國114年2月26日,函,乾坤測,1140000024,檢送本公司辦理桃園市「桃園區興二街」案內用地範圍桃園區會稽段386地號1筆土地協議價購市價查估作業修正後成果電子檔(以電子郵件方式提供)，請查照。,乾坤測繪科技有限公司,380110000G (桃園市政府工務局),使用者確認,2025-02-26 16:15:18,電子,,,2025-04-10
72,收文,府建都字第1140050407號,2025-02-27,中華民國114年2月27日,函,府建都,1140050407,檢送本府114年2月25日召開114年度南投市東施厝坪段地籍圖重測及都市計畫樁位偏差研商結果乙份，請查照。,南投縣政府,EB50819619 乾坤測繪科技有限公司,收文完成,2025-02-27 12:54:46,電子,,,2025-04-10
73,收文,桃工用字第1140006997號,2025-02-27,中華民國114年2月27日,會勘通知單,桃工用,1140006997,「本市大溪區大鶯路60巷道路拓寬工程」現場會勘,桃園市政府工務局,EB50819619 乾坤測繪科技有限公司,收文完成,2025-02-27 12:54:55,電子,,,2025-04-10
74,發文,乾坤測字第1140000025號,2025-03-03,中華民國114年3月3日,函,乾坤測,1140000025,檢送本公司辦理「112至113年度桃園市轄內興辦公共設施工程用地取得所需土地市價及地上物查估、測量作業暨相關計畫書製作委託專業服務(開口契約)」查估作業成果，詳如說明二，請查照。,乾坤測繪科技有限公司,380110000G (桃園市政府工務局),使用者確認,2025-03-03 14:46:05,電子,,,2025-04-10
75,收文,桃工用字第11400074001號,2025-03-03,中華民國114年3月3日,開會通知單,桃工用,11400074001,「114年度桃園市都市計畫內公共設施完竣地區調查及範圍劃定管理系統建置計畫」評選會議,桃園市政府工務局,EB50819619 乾坤測繪科技有限公司,收文完成,2025-03-03 12:58:40,電子,,,2025-04-10
76,發文,乾坤測字第1140000027號,2025-03-04,中華民國114年3月4日,函,乾坤測,1140000027,檢送本公司辦理「112至113年度桃園市轄內興辦公共設施工程用地取得所需土地市價及地上物查估、測量作業暨相關計畫書製作委託專業服務(開口契約)」-派工單號073之「楊梅體育園區內通路(裕成南路至瑞溪路)道路工程」控制測量、1/500地形測量及導線測量作業成果乙式，請查照。,乾坤測繪科技有限公司,380110000G (桃園市政府工務局),使用者確認,2025-03-04 15:44:44,電子,,,2025-04-10
77,發文,乾坤測字第1140000028號,2025-03-04,中華民國114年3月4日,函,乾坤測,1140000028,有關本公司辦理「112至113年度桃園市轄內興辦公共設施工程用地取得所需土地市價及地上物查估、測量作業暨相關計畫書製作委託專業服務(開口契約)」更換執行查估作業協力廠商一案，詳如說明二，請查照。,乾坤測繪科技有限公司,380110000G (桃園市政府工務局),使用者確認,2025-03-04 16:46:38,電子,,,2025-04-10
78,收文,北地二字第1140001118號,2025-03-04,中華民國114年3月4日,函,北地二,1140001118,本所辦理「114年度委外辦理圖根點補建、新建作業」採購(案號：1140114)，由証揚土地開發有限公司取得優先議價後承接決標，請查照。,彰化縣北斗地政事務所,EB50819619 乾坤測繪科技有限公司,收文完成,2025-03-05 14:29:38,電子,,,2025-04-10
79,收文,桃工用字第1140007538號,2025-03-05,中華民國114年3月5日,函,桃工用,1140007538,檢送本局114年3月3日召開本市「龜山區長慶一街(長慶一街至長庚路)」道路開闢」用地取得協議價購市價審查會議紀錄1份，請查照。,桃園市政府工務局,EB50819619 乾坤測繪科技有限公司,收文完成,2025-03-05 11:08:05,電子,,,2025-04-10
80,收文,桃工用字第1140007778號,2025-03-05,中華民國114年3月5日,函,桃工用,1140007778,檢送本局114年3月3日召開本市大溪區「大漢溪左岸新闢道路工程」用地取得協議價購市價審查會議紀錄1份，請查照。,桃園市政府工務局,EB50819619 乾坤測繪科技有限公司,收文完成,2025-03-05 15:46:17,電子,,,2025-04-10
81,收文,青工字第1140000169號,2025-03-05,中華民國114年3月5日,開會通知單,青工,1140000169,「台8線117k+400災害路段長期改善評估(含測量及地質探查委託服務工作)」協力廠商進場前安全衛生協議組織會議,青山工程顧問股份有限公司,EB50819619 乾坤測繪科技有限公司,收文完成,2025-03-05 12:10:09,電子,,,2025-04-10
82,收文,中分局養字第1145007101號,2025-03-06,中華民國114年3月6日,開會通知單,中分局養,1145007101,「埔里工務段、信義工務段優先關注邊坡光達應用暨進階圖資建置計畫(第六期)」整年度綜合評估建議報告審查會,交通部公路局中區養護工程分局,EB50819619 乾坤測繪科技有限公司,收文完成,2025-03-06 11:40:01,電子,,,2025-04-10
83,發文,乾坤測字第1140000029號,2025-03-07,中華民國114年3月7日,函,乾坤測,1140000029,檢送本公司辦理「112至113年度桃園市轄內興辦公共設施工程用地取得所需土地市價及地上物查估、測量作業暨相關計畫書製作委託專業服務(開口契約)」-派工單號076之桃園市「新屋區中華南路一段(福九路至高鐵南路七段)道路拓寬工程」測量作業成果乙式，請查照。,乾坤測繪科技有限公司,380110000G (桃園市政府工務局),使用者確認,2025-03-07 11:12:49,電子,,,2025-04-10
84,發文,乾坤測字第1140000030號,2025-03-10,中華民國114年3月10日,函,乾坤測,1140000030,檢送本公司辦理「112至113年度桃園市轄內興辦公共設施工程用地取得所需土地市價及地上物查估、測量作業暨相關計畫書製作委託專業服務(開口契約)」-派工單號077之「龍潭區龍新路三和段(桃20)直坑尾橋至新竹縣交界道路拓寬」導線測量及1/1000地形測量作業成果乙式，請查照。,乾坤測繪科技有限公司,380110000G (桃園市政府工務局),使用者確認,2025-03-10 16:35:28,電子,,,2025-04-10
85,發文,乾坤測字第1140000031號,2025-03-10,中華民國114年3月10日,函,乾坤測,1140000031,檢送本公司辦理「112至113年度桃園市轄內興辦公共設施工程用地取得所需土地市價及地上物查估、測量作業暨相關計畫書製作委託專業服務(開口契約)」查估作業成果，詳如說明二，請查照。,乾坤測繪科技有限公司,380110000G (桃園市政府工務局),使用者確認,2025-03-11 07:07:26,電子,,,2025-04-10
86,收文,桃工用字第1140008118號,2025-03-10,中華民國114年3月10日,函,桃工用,1140008118,有關本府養護工程處訂於114年3月13日下午2時辦理本市蘆竹區南山段362地號土地地上物權屬釐清，屆時請貴公司派員出席一併辦理地上物查估作業，請查照。,桃園市政府工務局,EB50819619 乾坤測繪科技有限公司,收文完成,2025-03-10 11:33:41,電子,,,2025-04-10
87,收文,桃工用字第1140008146號,2025-03-10,中華民國114年3月10日,函,桃工用,1140008146,有關貴公司承攬本局「112至113年度桃園市轄內興辦公共設施工程用地取得所需土地市價及地上物查估、測量作業暨相關計畫書製作委託專業服務(開口契約)」，第47次派工「桃園區同德十二街道路開闢工程」及第55次派工桃園區「國強一街至文中路道路開闢工程」協議價購市價查估作業一案，詳如說明，請查照。,桃園市政府工務局,EB50819619 乾坤測繪科技有限公司,收文完成,2025-03-11 09:37:12,電子,,,2025-04-10
88,收文,桃工用字第11400081751號,2025-03-10,中華民國114年3月10日,函,桃工用,11400081751,有關本市「平鎮區平東路239巷94弄至華安街道路工程」及「楊梅區新農街378巷13弄道路打通」用地取得土地徵收補償查估審議2案，詳如說明，請查照。,桃園市政府工務局,EB50819619 乾坤測繪科技有限公司,收文完成,2025-03-10 11:33:34,電子,,,2025-04-10
89,收文,桃工用字第1140008198號,2025-03-10,中華民國114年3月10日,函,桃工用,1140008198,有關貴公司承攬本局「112至113年度桃園市轄內興辦公共設施工程用地取得所需土地市價及地上物查估、測量作業暨相關計畫書製作委託專業服務(開口契約)」，第48次派工「八德區和強路(和平路至延平路)拓寬工程」市價查估作業一案，詳如說明，請查照。,桃園市政府工務局,EB50819619 乾坤測繪科技有限公司,收文完成,2025-03-10 11:33:49,電子,,,2025-04-10
90,發文,乾坤測字第1140000032號,2025-03-11,中華民國114年3月11日,函,乾坤測,1140000032,有關貴局就「桃園區同德十二街道路開闢工程」及桃園區「國強一街至文中路道路開闢工程」協議價購市價查估作業，因市場價格變動，請本公司另行提送查估報告一案，詳如說明，請查照。,乾坤測繪科技有限公司,380110000G (桃園市政府工務局),使用者確認,2025-03-11 12:21:14,電子,,,2025-04-10
91,收文,桃工用字第1140008474號,2025-03-11,中華民國114年3月11日,開會通知單,桃工用,1140008474,有關本局辦理「桃園區民光東路至三元街周邊綠地及道路」地上物查估作業，請台端等11人依排定時間及攜帶相關文件會同協助辦理查估確認事宜，請查照。,桃園市政府工務局,EB50819619 乾坤測繪科技有限公司,收文完成,2025-03-11 10:12:57,電子,,,2025-04-10
92,發文,乾坤測字第1140000033號,2025-03-12,中華民國114年3月12日,函,乾坤測,1140000033,檢送本公司辦理「112至113年度桃園市轄內興辦公共設施工程用地取得所需土地市價及地上物查估、測量作業暨相關計畫書製作委託專業服務(開口契約)」第83次派工桃園區「國強一街至文中路道路開闢工程」市價查估作業成果乙式，請查照。,乾坤測繪科技有限公司,380110000G (桃園市政府工務局),使用者確認,2025-03-12 15:44:21,電子,,,2025-04-10
93,發文,乾坤測字第1140000034號,2025-03-12,中華民國114年3月12日,函,乾坤測,1140000034,檢送本公司辦理「112至113年度桃園市轄內興辦公共設施工程用地取得所需土地市價及地上物查估、測量作業暨相關計畫書製作委託專業服務(開口契約)」第84次派工「桃園區同德十二街道路開闢工程」案成果乙式，請查照。,乾坤測繪科技有限公司,380110000G (桃園市政府工務局),使用者確認,2025-03-12 15:44:20,電子,,,2025-04-10
94,收文,桃工用字第1140008715號,2025-03-12,中華民國114年3月12日,函,桃工用,1140008715,有關貴公司承攬本局「112至113年度桃園市轄內興辦公共設施工程用地取得所需土地市價及地上物查估、測量作業暨相關計畫書製作委託專業服務(開口契約)」第83次派工桃園區「國強一街至文中路道路開闢工程」市價查估作業一案，詳如說明，請查照。,桃園市政府工務局,EB50819619 乾坤測繪科技有限公司,收文完成,2025-03-12 11:54:07,電子,,,2025-04-10
95,收文,桃工用字第1140008716號,2025-03-12,中華民國114年3月12日,函,桃工用,1140008716,有關貴公司承攬本局「112至113年度桃園市轄內興辦公共設施工程用地取得所需土地市價及地上物查估、測量作業暨相關計畫書製作委託專業服務(開口契約)」第84次派工「桃園區同德十二街道路開闢工程」一案，詳如說明，請查照。,桃園市政府工務局,EB50819619 乾坤測繪科技有限公司,收文完成,2025-03-12 11:54:15,電子,,,2025-04-10
96,收文,桃工用字第1140008216號,2025-03-13,中華民國114年3月13日,開會通知單,桃工用,1140008216,本市「楊梅區新農街378巷13弄道路打通」用地取得協議價購土地市價審查會議,桃園市政府工務局,EB50819619 乾坤測繪科技有限公司,收文完成,2025-03-13 15:39:03,電子,,,2025-04-10
97,收文,桃工用字第1140008370號,2025-03-13,中華民國114年3月13日,函,桃工用,1140008370,為辦理本市「中壢區龍岡路/4-1-10M計畫道路路口瓶頸打通工程」土地徵收查估市價提報本市地價及標準地價評議委員會評議一案，請查照。,桃園市政府工務局,EB50819619 乾坤測繪科技有限公司,收文完成,2025-03-13 14:06:57,電子,,,2025-04-10
98,發文,乾坤測字第1140000035號,2025-03-14,中華民國114年3月14日,函,乾坤測,1140000035,檢送本公司辦理「112至113年度桃園市轄內興辦公共設施工程用地取得所需土地市價及地上物查估、測量作業暨相關計畫書製作委託專業服務(開口契約)」-派工單號078之「泰豐工商綜合區聯外道路案」控制測量、1/500地形測量及導線測量作業成果乙式，請查照。,乾坤測繪科技有限公司,380110000G (桃園市政府工務局),使用者確認,2025-03-14 11:25:21,電子,,,2025-04-10
99,收文,桃工用字第1140009093號,2025-03-14,中華民國114年3月14日,開會通知單,桃工用,1140009093,本市桃園區「國強一街至文中路道路開闢工程」及「同德十二街道路開闢工程」用地取得協議價購土地市價審查會議,桃園市政府工務局,EB50819619 乾坤測繪科技有限公司,收文完成,2025-03-14 11:08:45,電子,,,2025-04-10
100,發文,乾坤測字第1140000036號,2025-03-17,中華民國114年3月17日,函,乾坤測,1140000036,檢送本公司辦理「112至113年度桃園市轄內興辦公共設施工程用地取得所需土地市價及地上物查估、測量作業暨相關計畫書製作委託專業服務(開口契約)」查估作業成果電子檔，詳如說明二，請查照。,乾坤測繪科技有限公司,380110000G (桃園市政府工務局),使用者確認,2025-03-17 16:54:24,電子,,,2025-04-10
101,發文,乾坤測字第1140000038號,2025-03-17,中華民國114年3月17日,函,乾坤測,1140000038,檢送本公司辦理「112至113年度桃園市轄內興辦公共設施工程用地取得所需土地市價及地上物查估、測量作業暨相關計畫書製作委託專業服務(開口契約)」查估作業成果，詳如說明，請查照。,乾坤測繪科技有限公司,380110000G (桃園市政府工務局),使用者確認,2025-03-18 07:08:14,電子,,,2025-04-10
102,收文,桃工用字第1140008386號,2025-03-17,中華民國114年3月17日,函,桃工用,1140008386,為辦理本市「中壢區龍勇路（興元路至龍仁路）道路拓寬工程」土地徵收查估市價提報本市地價及標準地價評議委員會評議一案，請查照。,桃園市政府工務局,EB50819619 乾坤測繪科技有限公司,收文完成,2025-03-17 14:26:31,電子,,,2025-04-10
103,收文,全盛資字第1140000000號,2025-03-18,中華民國114年3月18日,函,全盛資,1140000000,測試測試測試,全盛資訊科技股份有限公司,EB50819619 乾坤測繪科技有限公司,收文完成,2025-03-18 12:10:08,電子,,,2025-04-10
104,收文,府建都字第1140061915號,2025-03-18,中華民國114年3月18日,函,府建都,1140061915,有關本府辦理「112年度南投縣都市計畫樁位測補釘案委託技術服務案(開口契約)」第1、2次派工都市計畫樁位逕為分割疑義1案，如說明，請查照。,南投縣政府,EB50819619 乾坤測繪科技有限公司,收文完成,2025-03-19 10:15:02,電子,,,2025-04-10
105,收文,桃工用字第1140009745號,2025-03-18,中華民國114年3月18日,函,桃工用,1140009745,有關貴公司承攬本局「112至113年度桃園市轄內興辦公共設施工程用地取得所需土地市價及地上物查估、測量作業暨相關計畫書製作委託專業服務(開口契約)」第85次派工「龍潭區龍新路道路拓寬(直坑尾橋至三和段1240巷)」市價查估作業一案，詳如說明，請查照。,桃園市政府工務局,EB50819619 乾坤測繪科技有限公司,收文完成,2025-03-18 11:42:35,電子,,,2025-04-10
106,發文,乾坤測字第1140000039號,2025-03-19,中華民國114年3月19日,函,乾坤測,1140000039,檢送本公司辦理「112至113年度桃園市轄內興辦公共設施工程用地取得所需土地市價及地上物查估、測量作業暨相關計畫書製作委託專業服務(開口契約)」-派工單號080之「中壢區龍勇路(興元路至龍仁路)道路拓寬開闢」導線測量、1/500地形測量、橫斷面1/100測量作業成果乙式，請查照。,乾坤測繪科技有限公司,380110000G (桃園市政府工務局),使用者確認,2025-03-19 12:38:07,電子,,,2025-04-10
107,收文,桃工用字第11400096691號,2025-03-19,中華民國114年3月19日,函,桃工用,11400096691,為辦理「114年度桃園市都市計畫內公共設施完竣地區調查及範圍劃定管理系統建置計畫」採購案議約作業一案，請查照。,桃園市政府工務局,EB50819619 乾坤測繪科技有限公司,收文完成,2025-03-19 14:08:31,電子,,,2025-04-10
108,收文,桃工用字第1140009847號,2025-03-20,中華民國114年3月20日,函,桃工用,1140009847,有關貴公司檢送「楊梅體育園區內通路(裕成南路至瑞溪路)道路工程」控制測量、1/500地形測量及導線測量作業成果審查一案，詳如說明，請查照。,桃園市政府工務局,EB50819619 乾坤測繪科技有限公司,收文完成,2025-03-20 09:08:23,電子,,,2025-04-10
109,收文,桃工用字第1140009861號,2025-03-20,中華民國114年3月20日,函,桃工用,1140009861,函轉「泰豐工商綜合區聯外道路案(中華路二段至忠信路)道路拓寬工程」土地界址測量一案，案涉道路界址點樁作業，請貴公司派員與會，請查照。,桃園市政府工務局,EB50819619 乾坤測繪科技有限公司,收文完成,2025-03-20 11:02:22,電子,,,2025-04-10
110,收文,桃工用字第1140010283號,2025-03-20,中華民國114年3月20日,函,桃工用,1140010283,有關貴公司檢送「112至113年度桃園市轄內興辦公共設施工程用地取得所需土地市價及地上物查估、測量作業暨相關計畫書製作委託專業服務(開口契約)」－派工單(077)之「龍潭區龍新路三和段(桃20)直坑尾橋至新竹縣交界道路拓寬」導線測量及1/1000地形測量作業成果乙式，同意核定，請查照。,桃園市政府工務局,EB50819619 乾坤測繪科技有限公司,收文完成,2025-03-20 13:46:30,電子,,,2025-04-10
111,收文,府建都字第1140070012號,2025-03-21,中華民國114年3月21日,函,府建都,1140070012,有關本府辦理「113年度南投縣都市計畫樁位測補釘案委託技術服務案(開口契約)案」(第三次派工)都市計畫樁位補建點交乙案，如說明，請查照。,南投縣政府,EB50819619 乾坤測繪科技有限公司,收文完成,2025-03-21 17:16:29,電子,,,2025-04-10
112,收文,桃工用字第1140009841號,2025-03-21,中華民國114年3月21日,開會通知單,桃工用,1140009841,本市「八德區和強路(和平路至延平路)拓寬工程」用地取得協議價購土地市價審查會議,桃園市政府工務局,EB50819619 乾坤測繪科技有限公司,收文完成,2025-03-21 10:07:58,電子,,,2025-04-10
113,收文,桃工用字第1140010187號,2025-03-21,中華民國114年3月21日,函,桃工用,1140010187,檢送本局114年3月14日辦理「本市大溪區大鶯路60巷道路拓寬工程」現場會勘紀錄1份，請查照。,桃園市政府工務局,EB50819619 乾坤測繪科技有限公司,收文完成,2025-03-21 09:52:18,電子,,,2025-04-10
114,發文,乾坤測字第1140000040號,2025-03-24,中華民國114年3月24日,函,乾坤測,1140000040,檢送本公司辦理「112至113年度桃園市轄內興辦公共設施工程用地取得所需土地市價及地上物查估、測量作業暨相關計畫書製作委託專業服務(開口契約)」查估作業成果，詳如說明，請查照。,乾坤測繪科技有限公司,380110000G (桃園市政府工務局),使用者確認,2025-03-24 12:21:50,電子,,,2025-04-10
115,收文,桃工用字第1140010575號,2025-03-24,中華民國114年3月24日,函,桃工用,1140010575,有關貴公司檢送「泰豐工商綜合區聯外道路案」控制測量、1/500地形量及導線測量作業成果審查一案，詳如說明，請查照。,桃園市政府工務局,EB50819619 乾坤測繪科技有限公司,收文完成,2025-03-24 10:25:40,電子,,,2025-04-10
116,收文,桃工用字第1140010630號,2025-03-24,中華民國114年3月24日,函,桃工用,1140010630,有關貴公司提送「112至113年度桃園市轄內興辦公共設施工程用地取得所需土地市價及地上物查估、測量作業暨相關計畫書製作委託專業服務(開口契約)」－派工單(076)之「新屋區中華南路一段(福九路至高鐵南路七段)道路拓寬工程」測量作業成果一案，請查照。,桃園市政府工務局,EB50819619 乾坤測繪科技有限公司,收文完成,2025-03-24 11:18:34,電子,,,2025-04-10
117,收文,府建都字第1140071664號,2025-03-25,中華民國114年3月25日,函,府建都,1140071664,有關「114年度南投縣都市計畫樁位測補釘案委託技術服務案(開口契約)」1案，本府訂於114年3月26日(星期三)下午2時30分於本府B棟2樓都市計畫科會議室議價，屆時請攜帶公司大小章並派人(非公司負責人請攜帶委託代理授權書及身分證明文件)參加，請查照。,南投縣政府,EB50819619 乾坤測繪科技有限公司,收文完成,2025-03-25 09:43:44,電子,,,2025-04-10
118,發文,乾坤測字第1140000041號,2025-03-26,中華民國114年3月26日,函,乾坤測,1140000041,檢送本公司辦理「楊梅體育園區內通路(裕成南路至瑞溪路)道路工程」控制測量、1/500地形測量及導線測量作業成果(核定版)乙式，請查照。,乾坤測繪科技有限公司,380110000G (桃園市政府工務局),使用者確認,2025-03-26 16:06:28,電子,,,2025-04-10
119,發文,乾坤測字第1140000042號,2025-03-26,中華民國114年3月26日,函,乾坤測,1140000042,檢送本公司辦理「112至113年度桃園市轄內興辦公共設施工程用地取得所需土地市價及地上物查估、測量作業暨相關計畫書製作委託專業服務(開口契約)」-派工單號082之「台31北延(南崁路二段至南工路一段)道路拓寬工程」控制測量、1/500地形測量、道路中心及路權樁放樣及導線測量作業成果乙式，請查照。,乾坤測繪科技有限公司,380110000G (桃園市政府工務局),使用者確認,2025-03-26 16:06:28,電子,,,2025-04-10
120,收文,桃工用字第1140009911號,2025-03-26,中華民國114年3月26日,開會通知單,桃工用,1140009911,本市「八德區豐田路至捷運綠線G02站道路開闢工程」用地取得協議價購土地市價審查會議,桃園市政府工務局,EB50819619 乾坤測繪科技有限公司,收文完成,2025-03-26 16:38:15,電子,,,2025-04-10
121,收文,桃工用字第1140010631號,2025-03-26,中華民國114年3月26日,函,桃工用,1140010631,檢送本局114年3月19日（星期三）辦理本市「楊梅區新農街378巷13弄道路打通」用地取得協議價購土地市價審查會議記錄1份，請查照。,桃園市政府工務局,EB50819619 乾坤測繪科技有限公司,收文完成,2025-03-26 09:58:15,電子,,,2025-04-10
122,收文,桃工用字第1140011090號,2025-03-26,中華民國114年3月26日,函,桃工用,1140011090,有關本局委託貴公司辦理本市「新屋區中華南路一段(福九路至高鐵南路七段)道路拓寬工程」需用土地地上物查估作業，請再次查估檢視本市新屋區中華段814地號地上物，請查照。,桃園市政府工務局,EB50819619 乾坤測繪科技有限公司,收文完成,2025-03-27 10:13:43,電子,,,2025-04-10
123,收文,中分局養字第1145009754號,2025-03-27,中華民國114年3月27日,函,中分局養,1145009754,檢送本分局114年3月21日召開「埔里工務段、信義工務段優先關注邊坡光達應用暨進階檢測圖資建置計畫(第六期)」整年度綜合評估建議報告審查會會議紀錄1份，請查照。,交通部公路局中區養護工程分局,EB50819619 乾坤測繪科技有限公司,收文完成,2025-03-27 10:53:18,電子,,,2025-04-10
124,發文,乾坤測字第1140000043號,2025-03-27,中華民國114年3月27日,函,乾坤測,1140000043,檢送本公司辦理「桃園市蘆竹區南山段362地號土地」案之地上物查估成果報告書及電子檔(以電子郵件方式提供)各1份供審查，請查照。,乾坤測繪科技有限公司,380110000G (桃園市政府工務局),使用者確認,2025-03-27 16:42:42,電子,,,2025-04-10
125,收文,桃工用字第1140010732號,2025-03-27,中華民國114年3月27日,函,桃工用,1140010732,檢送有關本局辦理本市桃園區「國強一街至文中路道路開闢工程」及「同德十二街道路開闢工程」用地取得協議價購土地市價審查會議紀錄1份，請查照。,桃園市政府工務局,EB50819619 乾坤測繪科技有限公司,收文完成,2025-03-27 13:42:24,電子,,,2025-04-10
126,收文,桃工用字第1140010983號,2025-03-27,中華民國114年3月27日,函,桃工用,1140010983,有關貴公司檢送「中壢區龍勇路(興元路至龍仁路）道路拓寬開闢」導線測量、1/500地形測量、橫斷面1/100測量作業成果審查一案，詳如說明，請查照。,桃園市政府工務局,EB50819619 乾坤測繪科技有限公司,收文完成,2025-03-27 10:13:52,電子,,,2025-04-10
127,發文,乾坤測字第1140000044號,2025-03-28,中華民國114年3月28日,函,乾坤測,1140000044,檢送本公司辦理桃園市楊梅區「新農街378巷13弄道路打通」案內用地範圍楊梅區大金山下段大金山下小段68-1地號1筆土地協議價購市價查估作業修正後成果電子檔(以電子郵件方式提供)，請查照。,乾坤測繪科技有限公司,380110000G (桃園市政府工務局),使用者確認,2025-03-28 11:09:46,電子,,,2025-04-10
128,發文,乾坤測字第1140000047號,2025-03-28,中華民國114年3月28日,函,乾坤測,1140000047,檢送本公司辦理「龜山區長慶一街(長慶一街至長庚路)道路開闢」案內桃園市龜山區樂捷段312-1、315-1地號及垹波段1031、1036地號等4筆土地協議價購市價查估作業修正後成果電子檔(以電子郵件方式提供)，請查照。,乾坤測繪科技有限公司,380110000G (桃園市政府工務局),使用者確認,2025-03-28 14:56:58,電子,,,2025-04-10
129,發文,乾坤測字第1140000048號,2025-03-28,中華民國114年3月28日,函,乾坤測,1140000048,檢送本公司辦理桃園市「大溪區大漢溪左岸新闢道路工程(15米)」工程內大溪區瑞興段622-1、615、778、775、776、772、771及1404地號等8筆土地協議市價查估作業修正後成果電子檔(以電子郵件方式提供)，請查照。,乾坤測繪科技有限公司,380110000G (桃園市政府工務局),使用者確認,2025-03-28 14:56:58,電子,,,2025-04-10
130,發文,乾坤測字第1140000049號,2025-03-31,中華民國114年3月31日,函,乾坤測,1140000049,檢送本公司辦理桃園區「國強一街至文中路道路開闢工程」及「桃園區同德十二街道路開闢工程」市價查估作業修正後成果電子檔(以電子郵件方式提供)各1份，請查照。,乾坤測繪科技有限公司,380110000G (桃園市政府工務局),使用者確認,2025-03-31 15:20:34,電子,,,2025-04-10
131,收文,桃工用字第1140011040號,2025-03-31,中華民國114年3月31日,開會通知單,桃工用,1140011040,本市「桃園市平鎮東龍科技園區聯外道路拓寬工程」用地取得協議價購土地市價審查會議。,桃園市政府工務局,EB50819619 乾坤測繪科技有限公司,收文完成,2025-03-31 14:51:44,電子,,,2025-04-10
132,發文,乾坤測字第1140000050號,2025-04-01,中華民國114年4月1日,函,乾坤測,1140000050,檢送本公司辦理「112至113年度桃園市轄內興辦公共設施工程用地取得所需土地市價及地上物查估、測量作業暨相關計畫書製作委託專業服務(開口契約)」查估作業成果，詳如說明，請查照。,乾坤測繪科技有限公司,380110000G (桃園市政府工務局),使用者確認,2025-04-01 15:07:22,電子,,,2025-04-10
133,收文,桃工用字第1140011039號,2025-04-01,中華民國114年4月1日,函,桃工用,1140011039,檢送本局114年3月25日召開本市「八德區和強路（和平路至延平路）拓寬工程」用地取得協議價購市價審查會議紀錄1份，請查照。,桃園市政府工務局,EB50819619 乾坤測繪科技有限公司,收文完成,2025-04-01 12:34:27,電子,,,2025-04-10
134,收文,桃工用字第1140011175號,2025-04-01,中華民國114年4月1日,函,桃工用,1140011175,有關貴公司提送「楊梅體育園區內通路(裕成南路至瑞溪路)道路工程」控制測量、1/500地形測量及導線測量作業成果(核定版)一案，經審查尚符審查後修正意見，本局原則同意核定，請查照。,桃園市政府工務局,EB50819619 乾坤測繪科技有限公司,收文完成,2025-04-01 11:36:57,電子,,,2025-04-10
135,收文,桃工用字第1140011721號,2025-04-01,中華民國114年4月1日,函,桃工用,1140011721,有關貴公司提送「泰豐工商綜合區聯外道路案」控制測量、1/500地形量及導線測量作業成果(核定版)一案，經審查尚符契約規定，本局原則同意核定，請查照。,桃園市政府工務局,EB50819619 乾坤測繪科技有限公司,收文完成,2025-04-01 11:36:47,電子,,,2025-04-10
136,收文,桃工用字第1140011795號,2025-04-01,中華民國114年4月1日,函,桃工用,1140011795,有關貴公司提送「台31北延（南崁路二段至南工路一段）道路拓寬工程」控制測量、1/500地形測量測量、道路中心及路權樁放樣及導線測量作業成果一案，經審查尚符契約規定，本局原則同意核定，請查照。,桃園市政府工務局,EB50819619 乾坤測繪科技有限公司,收文完成,2025-04-01 11:37:06,電子,,,2025-04-10
137,發文,乾坤測字第1140000052號,2025-04-02,中華民國114年4月2日,函,乾坤測,1140000052,檢送「埔里工務段、信義工務段優先關注邊坡光達應用暨進階檢測圖資建置計畫(第六期)」整年度綜合評估報告(修正版)乙式，請查照。,乾坤測繪科技有限公司,A15030200H (交通部公路局中區養護工程分局),使用者確認,2025-04-02 10:32:51,電子,,,2025-04-10
138,發文,乾坤測字第1140000052號,2025-04-02,中華民國114年4月2日,函,乾坤測,1140000052,檢送「埔里工務段、信義工務段優先關注邊坡光達應用暨進階檢測圖資建置計畫(第六期)」整年度綜合評估報告(修正版)乙式，請查照。,乾坤測繪科技有限公司,A15030200HU121900 (交通部公路局中區養護工程分局埔里工務段),使用者確認,2025-04-02 10:34:27,電子,,,2025-04-10
139,發文,乾坤測字第1140000052號,2025-04-02,中華民國114年4月2日,函,乾坤測,1140000052,檢送「埔里工務段、信義工務段優先關注邊坡光達應用暨進階檢測圖資建置計畫(第六期)」整年度綜合評估報告(修正版)乙式，請查照。,乾坤測繪科技有限公司,A15030200HU122000 (交通部公路局中區養護工程分局信義工務段),使用者確認,2025-04-02 10:33:24,電子,,,2025-04-10
140,發文,乾坤測字第1140000053號,2025-04-02,中華民國114年4月2日,函,乾坤測,1140000053,檢送本公司辦理「八德區和強路(和平路至延平路)拓寬工程」協議價購市價查估作業修正後成果電子檔(以電子郵件方式提供)，請查照。,乾坤測繪科技有限公司,380110000G (桃園市政府工務局),使用者確認,2025-04-02 12:13:56,電子,,,2025-04-10
141,收文,城管字第1149002707號,2025-04-02,中華民國114年4月2日,函,城管,1149002707,有關「113年度南投縣都市計畫樁位測補釘案委託技術服務案（開口契約）」第5、6次工程派工測量成果驗收1案，如說明，請查照。,內政部國土管理署城鄉發展分署,EB50819619 乾坤測繪科技有限公司,收文完成,2025-04-07 10:29:25,電子,,,2025-04-10
142,發文,乾坤測字第1140000054號,2025-04-07,中華民國114年4月7日,函,乾坤測,1140000054,檢送本公司辦理「中壢區龍勇路(興元路至龍仁路)道路拓寬開闢」導線測量、1/500地形測量、橫斷面1/100測量作業成果(核定版)乙式，請查照。,乾坤測繪科技有限公司,380110000G (桃園市政府工務局),使用者確認,2025-04-07 15:07:23,電子,,,2025-04-10
143,發文,乾坤測字第1140000056號,2025-04-08,中華民國114年4月8日,函,乾坤測,1140000056,檢送本公司辦理桃園市「桃園區興二街」案內用地範圍桃園區會稽段386地號1筆土地協議價購市價查估作業修正後成果電子檔(以電子郵件方式提供)，請查照。,乾坤測繪科技有限公司,380110000G (桃園市政府工務局),使用者確認,2025-04-09 07:01:49,電子,,,2025-05-08
144,收文,桃工用字第1140011709號,2025-04-08,中華民國114年4月8日,函,桃工用,1140011709,有關本局委託貴公司辦理本市「新屋區中華南路(福九路至高鐵南路七段)道路拓寬工程」需用土地地上物查估作業，請再次檢視本市新屋區中華段171地號地上物，請查照。,桃園市政府工務局,EB50819619 乾坤測繪科技有限公司,收文完成,2025-04-08 10:26:23,電子,,,2025-05-08
145,收文,桃工用字第1140012435號,2025-04-08,中華民國114年4月8日,函,桃工用,1140012435,有關本市「桃園區興二街(興二街14巷至興二街)」用地協議價購市價查估報告書（修正版），請依本市桃園地政事務所意見再行修正，詳如說明，請查照。,桃園市政府工務局,EB50819619 乾坤測繪科技有限公司,收文完成,2025-04-08 11:47:50,電子,,,2025-05-08
146,收文,桃工用字第1140012518號,2025-04-09,中華民國114年4月9日,函,桃工用,1140012518,有關貴公司提送「中壢區龍勇路(興元路至龍仁路)道路拓寬開闢」導線測量、1/500地形測量、橫斷面1/100測量作業成果(核定版)一案，經審查尚符審查後修正意見，本局原則同意核定，請查照。,桃園市政府工務局,EB50819619 乾坤測繪科技有限公司,收文完成,2025-04-09 11:16:06,電子,,,2025-05-08
147,收文,桃工用字第1140013075號,2025-04-10,中華民國114年4月10日,函,桃工用,1140013075,有關本局辦理本市「新屋區中華南路一段(福九路至高鐵南路七段)道路拓寬工程」需用土地地上物複估作業，請再次查估檢視本市楊梅區田心段5地號地上物，請查照。,桃園市政府工務局,EB50819619 乾坤測繪科技有限公司,收文完成,2025-04-11 10:18:05,電子,,,2025-05-08
148,收文,青工字第1140000270號,2025-04-10,中華民國114年4月10日,函,青工,1140000270,檢陳「台8線117k+400災害路段長期改善評估(含測量及地質探查委託服務工作)」民國114年3月7日協力廠商進場前安全衛生協議組織會議會議紀錄，請查照。,青山工程顧問股份有限公司,EB50819619 乾坤測繪科技有限公司,收文完成,2025-04-10 13:41:49,電子,,,2025-05-08
149,發文,乾坤測字第1140000059號,2025-04-15,中華民國114年4月15日,函,乾坤測,1140000059,檢送本公司辦理桃園市「楊梅區新農街378巷13弄道路打通」案土地徵收市價查估作業修正後成果報告書及電子檔(電子檔以電子郵件方式提供)，請查照。,乾坤測繪科技有限公司,380110000G (桃園市政府工務局),使用者確認,2025-04-15 15:41:45,電子,,,2025-05-08
150,收文,桃工用字第11400126651號,2025-04-15,中華民國114年4月15日,函,桃工用,11400126651,檢送本府地政局114年3月26日召開「114年本市地價及標準地價評議委員會預為審查專案小組第3次會議」會議紀錄1份，請貴公司依會議決議辦理修正，請查照。,桃園市政府工務局,EB50819619 乾坤測繪科技有限公司,收文完成,2025-04-15 10:45:41,電子,,,2025-05-08
151,收文,桃工用字第1140013857號,2025-04-15,中華民國114年4月15日,函,桃工用,1140013857,為辦理本市「虎頭山三聖宮串聯台1線新闢道路工程」土地徵收查估市價提報本市地價及標準地價評議委員會評議一案，請查照。,桃園市政府工務局,EB50819619 乾坤測繪科技有限公司,收文完成,2025-04-15 15:23:24,電子,,,2025-05-08
152,發文,乾坤測字第1140000062號,2025-04-16,中華民國114年4月16日,函,乾坤測,1140000062,檢送本公司辦理「112至113年度桃園市轄內興辦公共設施工程用地取得所需土地市價及地上物查估、測量作業暨相關計畫書製作委託專業服務(開口契約)」-派工單號089之「大溪區大鶯路60巷道路拓寬工程」控制測量、1/500地形測量及測量報告及地形圖製作作業成果乙式，請查照。,乾坤測繪科技有限公司,380110000G (桃園市政府工務局),使用者確認,2025-04-16 12:14:38,電子,,,2025-05-08
153,收文,府建都字第1140090739號,2025-04-16,中華民國114年4月16日,函,府建都,1140090739,檢送本府114年4月11日辦理「113年度南投縣都市計畫樁位測補釘案委託技術服務案(開口契約)」第3次派工都市計畫樁位補建點交相關文件，詳如說明，請查照。,南投縣政府,EB50819619 乾坤測繪科技有限公司,收文完成,2025-04-17 09:08:21,電子,,,2025-05-08
154,收文,桃工用字第1140014078號,2025-04-18,中華民國114年4月18日,函,桃工用,1140014078,有關貴公司提送「大溪區大鶯路60巷道路拓寬工程」控制測量、1/500地形測量及測量報告及地形圖製作作業成果一案，經審查尚符契約規定，本局原則同意核定，請查照。,桃園市政府工務局,EB50819619 乾坤測繪科技有限公司,收文完成,2025-04-18 13:55:04,電子,,,2025-05-08
155,發文,乾坤測字第1140000063號,2025-04-22,中華民國114年4月22日,函,乾坤測,1140000063,檢送本公司辦理桃園市「平鎮區平東路239巷94弄至華安街道路工程」案土地徵收市價查估作業修正後成果報告書及電子檔(電子檔以電子郵件方式提供)，請查照。,乾坤測繪科技有限公司,380110000G (桃園市政府工務局),使用者確認,2025-04-23 07:10:57,電子,,,2025-05-08
156,收文,桃工用字第11400141901號,2025-04-22,中華民國114年4月22日,函,桃工用,11400141901,有關本市「楊梅區新農街378巷13弄道路打通」及「中壢區龍岡路1-4-10M計畫道路路口瓶頸打通工程」用地取得土地徵收補償查估審議2案，詳如說明，請查照。,桃園市政府工務局,EB50819619 乾坤測繪科技有限公司,收文完成,2025-04-22 15:25:19,電子,,,2025-05-08
157,發文,乾坤測字第1140000064號,2025-04-23,中華民國114年4月23日,函,乾坤測,1140000064,檢送本公司辦理桃園市「桃園區興二街」案土地協議價購市價查估作業修正後成果電子檔(以電子郵件方式提供)，請查照。,乾坤測繪科技有限公司,380110000G (桃園市政府工務局),使用者確認,2025-04-23 15:57:27,電子,,,2025-05-08
158,收文,桃工用字第1140014984號,2025-04-23,中華民國114年4月23日,函,桃工用,1140014984,有關本市「桃園區興二街(興一街至大有路)」用地協議價購市價查估報告書（再修正版），請依本市桃園地政事務所意見再行修正，詳如說明，請查照。,桃園市政府工務局,EB50819619 乾坤測繪科技有限公司,收文完成,2025-04-23 14:02:25,電子,,,2025-05-08
159,收文,府工用字第1140105677號,2025-04-24,中華民國114年4月24日,函,府工用,1140105677,檢送本府114年3月13日及同年3月14日辦理本市「新屋區中華南路一段(福九路至高鐵南路七段)道路拓寬工程」用地取得協議價購或以其他方式取得會議紀錄1份(共9場)，請查照。,桃園市政府,EB50819619 乾坤測繪科技有限公司,收文完成,2025-04-24 14:44:11,電子,,,2025-05-08
160,發文,乾坤測字第1140000066號,2025-04-28,中華民國114年4月28日,函,乾坤測,1140000066,檢送「埔里工務段、信義工務段優先關注邊坡光達應用暨進階檢測圖資建置計畫(第六期)」保險期限延長後之保險相關單據，如說明二、三，請查照。,乾坤測繪科技有限公司,A15030200HU121900 (交通部公路局中區養護工程分局埔里工務段),使用者確認,2025-04-28 15:41:16,電子,,,2025-05-08
161,收文,桃工用字第1140015622號,2025-04-28,中華民國114年4月28日,函,桃工用,1140015622,有關本府地政局召開本市114年地價及標準地價評議委員會預為審查專案小組第5次會議，詳如說明，請查照。,桃園市政府工務局,EB50819619 乾坤測繪科技有限公司,收文完成,2025-04-28 13:22:10,電子,,,2025-05-08
162,收文,桃工用字第1140015883號,2025-04-28,中華民國114年4月28日,函,桃工用,1140015883,檢送本局114年4月17日辦理本市「八德區豐田路至捷運綠線G02站道路開闢工程」用地取得協議價購土地市價審查會議紀錄1份，請查照。,桃園市政府工務局,EB50819619 乾坤測繪科技有限公司,收文完成,2025-04-29 09:46:55,電子,,,2025-05-08
163,收文,桃工用字第1140015885號,2025-04-28,中華民國114年4月28日,函,桃工用,1140015885,檢送本府辦理本市「平鎮區平東路239巷94弄至華安街」道路工程用地取得第2場公聽會民眾陳述意見書1份，請查照惠復。,桃園市政府工務局,EB50819619 乾坤測繪科技有限公司,收文完成,2025-04-28 13:22:00,電子,,,2025-05-08
164,收文,府建都字第1140100517號,2025-04-29,中華民國114年4月29日,函,府建都,1140100517,有關本府委託貴公司辦理「114年度南投縣都市計畫樁位測補釘案委託技術服務案(開口契約)」案，准予核備1案，如說明，請查照。,南投縣政府,EB50819619 乾坤測繪科技有限公司,收文完成,2025-04-29 13:46:27,電子,,,2025-05-08
165,收文,中分局單埔字第1145013871號,2025-04-30,中華民國114年4月30日,函,中分局單埔,1145013871,有關「埔里工務段、信義工務段優先關注邊坡光達應用暨進階檢測圖資建置計畫(第六期)」專業責任險、營繕承保人意外責任險、雇主意外責任險、無人機責任險追加保險日期之正本及收據，同意核定，請查照。,交通部公路局中區養護工程分局埔里工務段,EB50819619 乾坤測繪科技有限公司,收文完成,2025-04-30 16:27:12,電子,,,2025-05-08
166,收文,桃工用字第1140016283號,2025-04-30,中華民國114年4月30日,開會通知單,桃工用,1140016283,「114年度桃園市都市計畫內公共設施完竣地區調查及範圍劃定管理系統建置計畫」工作計畫書審查會議,桃園市政府工務局,EB50819619 乾坤測繪科技有限公司,收文完成,2025-04-30 13:56:36,電子,,,2025-05-08
167,發文,乾坤測字第1140000067號,2025-05-05,中華民國114年5月5日,函,乾坤測,1140000067,檢送本公司辦理桃園市「八德區豐田路至捷運綠線G02站道路開闢工程」用地範圍土地協議價購市價查估作業修正後成果電子檔(以電子郵件方式提供)，請查照。,乾坤測繪科技有限公司,380110000G (桃園市政府工務局),使用者確認,2025-05-05 11:26:47,電子,,,2025-05-08
168,發文,乾坤測字第1140000068號,2025-05-05,中華民國114年5月5日,函,乾坤測,1140000068,檢送桃園市「平鎮區平東路239巷94弄至華安街」工程內平鎮區東安段445-1、446、447及509-1地號等4筆土地協議市價查估作業協議價購陳述意見回覆表1份，請查照。,乾坤測繪科技有限公司,380110000G (桃園市政府工務局),使用者確認,2025-05-05 13:03:40,電子,,,2025-05-08
169,發文,乾坤測字第1140000069號,2025-05-05,中華民國114年5月5日,函,乾坤測,1140000069,檢送本公司辦理「112至113年度桃園市轄內興辦公共設施工程用地取得所需土地市價及地上物查估、測量作業暨相關計畫書製作委託專業服務(開口契約)」查估作業成果，詳如說明，請查照。,乾坤測繪科技有限公司,380110000G (桃園市政府工務局),使用者確認,2025-05-05 14:47:54,電子,,,2025-05-08
170,收文,桃工用字第11400162141號,2025-05-05,中華民國114年5月5日,函,桃工用,11400162141,檢送本府地政局114年4月23日召開「114年本市地價及標準地價評議委員會預為審查專案小組第4次會議」會議紀錄1份，請貴事務所依會議決議辦理修正，請查照。,桃園市政府工務局,EB50819619 乾坤測繪科技有限公司,收文完成,2025-05-05 09:37:43,電子,,,2025-05-08
171,收文,桃工用字第1140017220號,2025-05-07,中華民國114年5月7日,函,桃工用,1140017220,有關本局114年4月17日辦理「桃園市平鎮東龍科技園區聯外道路拓寬工程」用地取得協議價購土地市價審查會議一案，詳如說明，請查照。,桃園市政府工務局,EB50819619 乾坤測繪科技有限公司,收文完成,2025-05-07 13:47:37,電子,,,2025-05-08
172,收文,桃工用字第1140017286號,2025-05-07,中華民國114年5月7日,開會通知單,桃工用,1140017286,.本市桃園區「龍潭區龍新路三和段道路拓寬(直坑尾橋至三和段1240巷)」用地取得協議價購土地市價審查會議,桃園市政府工務局,EB50819619 乾坤測繪科技有限公司,收文完成,2025-05-07 17:17:43,電子,,,2025-05-08
173,收文,桃工用字第1140017453號,2025-05-09,中華民國114年5月9日,函,桃工用,1140017453,有關本市「楊梅區新農街378巷13弄道路打通」用地取得土地徵收補償查估審議1案，詳如說明，請查照。,桃園市政府工務局,EB50819619 乾坤測繪科技有限公司,收文完成,2025-05-09 15:18:50,電子,,,2025-06-19
174,收文,中分局養字第1145014908B號,2025-05-12,中華民國114年5月12日,函,中分局養,1145014908B,本分局訂於114年5月21日(星期三)上午9時0分假本分局1樓開標室辦理「埔里工務段、信義工務段優先關注邊坡光達應用暨進階檢測圖資建置計畫(第七期)」議價，請貴公司備妥相關證件出席，請查照。,交通部公路局中區養護工程分局,EB50819619 乾坤測繪科技有限公司,收文完成,2025-05-13 08:17:21,電子,,,2025-06-19
175,收文,中分局養字第1145015166號,2025-05-12,中華民國114年5月12日,函,中分局養,1145015166,貴公司檢送之「埔里工務段、信義工務段優先關注邊坡光達應用暨進階檢測圖資建置計畫(第六期)」整年度綜合評估報告(修正版)一式6份，本分局「同意核定」，請查照。,交通部公路局中區養護工程分局,EB50819619 乾坤測繪科技有限公司,收文完成,2025-05-13 08:17:13,電子,,,2025-06-19
176,發文,乾坤測字第1140000071號,2025-05-12,中華民國114年5月12日,函,乾坤測,1140000071,檢送「113年度南投縣都市計畫樁位測補釘案委託技術服務案（開口契約）」全案結算數量表，惠請貴府辦理後續勞務驗收結算，請查照。,乾坤測繪科技有限公司,376480000A (南投縣政府),使用者確認,2025-05-12 16:43:40,電子,,,2025-06-19
177,收文,朴地用字第1140003269號,2025-05-13,中華民國114年5月13日,函,朴地用,1140003269,貴公司參加本所辦理「114年度圖根點清理補建新建測量作業」投標，經審查資格符合本案需求，請於114年5月15日上午9時40分出席企劃書評審會議備詢，請查照。,嘉義縣朴子地政事務所,EB50819619 乾坤測繪科技有限公司,收文完成,2025-05-13 16:36:10,電子,,,2025-06-19
178,收文,桃工用字第1140018371號,2025-05-13,中華民國114年5月13日,函,桃工用,1140018371,為辦理本市「楊梅都市計畫（幼獅路一段東側產業遊樂區）旁公園用地取得」協議價購市價一案，詳如說明，請查照。,桃園市政府工務局,EB50819619 乾坤測繪科技有限公司（協力廠商：大有國際不動產估價師聯合事務所）,收文完成,2025-05-13 12:17:07,電子,,,2025-06-19
179,發文,乾坤測字第1140000072號,2025-05-14,中華民國114年5月14日,函,乾坤測,1140000072,檢送「擬定楊梅都市計畫(幼獅路一段東側產業遊樂區)細部計畫案」內仁美段936地號用地取得協議價購土地市價評估不動產價格變動意見書1份，請查照。,乾坤測繪科技有限公司,380110000G (桃園市政府工務局),使用者確認,2025-05-14 14:53:33,電子,,,2025-06-19
180,發文,乾坤測字第1140000073號,2025-05-14,中華民國114年5月14日,函,乾坤測,1140000073,檢送「埔里工務段、信義工務段優先關注邊坡光達應用暨進階檢測圖資建置計畫(第六期)」之營繕工程結算書1式4份，請查照。,乾坤測繪科技有限公司,A15030200HU121900 (交通部公路局中區養護工程分局埔里工務段),使用者確認,2025-05-14 18:33:55,電子,,,2025-06-19
181,收文,桃工用字第1140018216號,2025-05-15,中華民國114年5月15日,函,桃工用,1140018216,有關「114年度桃園市都市計畫內公共設施完竣地區調查及範圍劃定管理系統建置計畫」工作計畫書修正版核定一案，詳如說明，請查照。,桃園市政府工務局,EB50819619 乾坤測繪科技有限公司,收文完成,2025-05-15 15:13:55,電子,,,2025-06-19
182,收文,桃工用字第1140018365號,2025-05-15,中華民國114年5月15日,函,桃工用,1140018365,有關本市「八德區豐田路至捷運綠線G02站道路開闢工程」用地協議價購市價查估報告書（修正版），請依本市八德地政事務所審查意見再行修正，詳如說明，請查照。,桃園市政府工務局,EB50819619 乾坤測繪科技有限公司,收文完成,2025-05-15 16:01:55,電子,,,2025-06-19
183,收文,朴地用字第1140003356號,2025-05-16,中華民國114年5月16日,函,朴地用,1140003356,貴公司參加本所「114年度圖根點清理補建新建測量作業」招標，決標事項如說明，請查照。,嘉義縣朴子地政事務所,EB50819619 乾坤測繪科技有限公司,收文完成,2025-05-16 13:41:33,電子,,,2025-06-19
184,收文,桃工用字第1140018727號,2025-05-19,中華民國114年5月19日,函,桃工用,1140018727,有關本局辦理「新屋區中華南路一段(福九路至高鐵南路七段)道路拓寬工程」一案，復如說明，請查照。,桃園市政府工務局,EB50819619 乾坤測繪科技有限公司,收文完成,2025-05-19 16:30:51,電子,,,2025-07-24
185,發文,乾坤測字第1140000075號,2025-05-21,中華民國114年5月21日,函,乾坤測,1140000075,檢送「埔里工務段、信義工務段優先關注邊坡光達應用暨進階檢測圖資建置計畫(第七期)」之「邊坡檢測工作執行計畫」1式6份，請查照。,乾坤測繪科技有限公司,A15030200HU122000 (交通部公路局中區養護工程分局信義工務段),使用者確認,2025-05-21 12:01:54,電子,,,2025-07-24
186,發文,乾坤測字第1140000076號,2025-05-21,中華民國114年5月21日,函,乾坤測,1140000076,檢送本公司辦理「112至113年度桃園市轄內興辦公共設施工程用地取得所需土地市價及地上物查估、測量作業暨相關計畫書製作委託專業服務(開口契約)」第四批次驗收統計表及案件往來公文乙式，提請貴單位辦理本案驗收，請查照。,乾坤測繪科技有限公司,380110000G (桃園市政府工務局),使用者確認,2025-05-21 13:17:02,電子,,,2025-07-24
187,收文,府工用字第1140138998號,2025-05-21,中華民國114年5月21日,開會通知單,府工用,1140138998,桃園市「桃園區國強一街至文中路道路開闢工程」用地取得協議價購或以其他方式取得會議,桃園市政府,EB50819619 乾坤測繪科技有限公司,收文完成,2025-05-21 15:03:08,電子,,,2025-07-24
188,發文,乾坤測字第1140000077號,2025-05-22,中華民國114年5月22日,函,乾坤測,1140000077,檢送本公司辦理桃園市「八德區豐田路至捷運綠線G02站道路開闢工程」用地範圍土地協議價購市價查估作業修正後成果電子檔(以電子郵件方式提供)，請查照。,乾坤測繪科技有限公司,380110000G (桃園市政府工務局),使用者確認,2025-05-22 16:05:09,電子,,,2025-07-24
189,收文,桃工用字第1140019197號,2025-05-22,中華民國114年5月22日,函,桃工用,1140019197,函轉本府地政局檢送「114年本市地價及標準地價評議委員會預為審查專案小組第5次會議」會議紀錄，請查照。,桃園市政府工務局,EB50819619 乾坤測繪科技有限公司,收文完成,2025-05-22 15:42:31,電子,,,2025-07-24
190,收文,中分局單信字第1145016723號,2025-05-23,中華民國114年5月23日,函,中分局單信,1145016723,有關所提「埔里工務段、信義工務段優先關注邊坡光達應用暨進階檢測圖資建置計畫(第七期)」邊坡檢測工作執行計畫一案，本段同意核定，請查照。,交通部公路局中區養護工程分局信義工務段,EB50819619 乾坤測繪科技有限公司,收文完成,2025-05-23 10:41:05,電子,,,2025-07-24
191,收文,中分局單信字第1145016725號,2025-05-23,中華民國114年5月23日,開會通知單,中分局單信,1145016725,「埔里工務段、信義工務段優先關注邊坡光達應用暨進階檢測圖資建置計畫(第七期)」開工前協調會暨安全衛生協議組織會議,交通部公路局中區養護工程分局信義工務段,EB50819619 乾坤測繪科技有限公司,收文完成,2025-05-23 10:40:57,電子,,,2025-07-24
192,收文,桃工用字第1140020094號,2025-05-23,中華民國114年5月23日,函,桃工用,1140020094,檢送有關本局辦理本市「龍潭區龍新路三和段道路拓寬(直坑尾橋至三和段1240巷)」協議價購土地市價審查會議紀錄1份，請查照。,桃園市政府工務局,EB50819619 乾坤測繪科技有限公司,收文完成,2025-05-23 14:45:31,電子,,,2025-07-24
193,發文,乾坤測字第1140000078號,2025-05-26,中華民國114年5月26日,函,乾坤測,1140000078,檢送本公司辦理「112至113年度桃園市轄內興辦公共設施工程用地取得所需土地市價及地上物查估、測量作業暨相關計畫書製作委託專業服務(開口契約)」-派工單號094之「泰豐工商綜合區聯外道路案」橫斷面1/100測量作業成果乙式，請查照。,乾坤測繪科技有限公司,380110000G (桃園市政府工務局),使用者確認,2025-05-26 16:10:42,電子,,,2025-07-24
194,發文,乾坤測字第1140000079號,2025-05-26,中華民國114年5月26日,函,乾坤測,1140000079,檢送「埔里工務段、信義工務段優先關注邊坡光達應用暨進階檢測圖資建置計畫(第七期)」之施工風險評估報告乙式，請查照。,乾坤測繪科技有限公司,A15030200HU122000 (交通部公路局中區養護工程分局信義工務段),使用者確認,2025-05-26 16:05:05,電子,,,2025-07-24
195,發文,乾坤測字第1140000080號,2025-05-26,中華民國114年5月26日,函,乾坤測,1140000080,本公司承攬貴段「埔里工務段、信義工務段優先關注邊坡光達應用暨進階檢測圖資建置計畫(第七期)」，其中無人機(UAV)航攝作業委任上升空間資訊股份有限公司進行相關作業，並檢附公司合作同意書與交通部民用航空局遙控無人機能力審查核准證明，請查照。,乾坤測繪科技有限公司,A15030200HU122000 (交通部公路局中區養護工程分局信義工務段),使用者確認,2025-05-26 16:04:34,電子,,,2025-07-24
196,收文,桃工用字第1140020294號,2025-05-26,中華民國114年5月26日,會勘通知單,桃工用,1140020294,複估本市「新屋區中華南路一段(福九路至高鐵南路七段)道路拓寬工程」案內中華段1044及1046地號土地地上物(電表及水表),桃園市政府工務局,EB50819619 乾坤測繪科技有限公司,收文完成,2025-05-26 12:44:19,電子,,,2025-07-24
197,收文,桃工用字第1140020412號,2025-05-26,中華民國114年5月26日,函,桃工用,1140020412,檢送114年4月17日辦理桃園市平鎮東龍科技園區聯外道路拓寬工程用地取得協議價購土地市價審查會議紀錄1份，請查照。,桃園市政府工務局,EB50819619 乾坤測繪科技有限公司,收文完成,2025-05-26 14:11:30,電子,,,2025-07-24
198,發文,乾坤測字第1140000081號,2025-05-27,中華民國114年5月27日,函,乾坤測,1140000081,檢送「埔里工務段、信義工務段優先關注邊坡光達應用暨進階檢測圖資建置計畫(第七期)」職業安全衛生業務人員設置報備書乙式，請查照。,乾坤測繪科技有限公司,A15030200HU122000 (交通部公路局中區養護工程分局信義工務段),使用者確認,2025-05-27 12:22:59,電子,,,2025-07-24
199,發文,乾坤測字第1140000082號,2025-05-27,中華民國114年5月27日,函,乾坤測,1140000082,檢送「埔里工務段、信義工務段優先關注邊坡光達應用暨進階檢測圖資建置計畫(第七期)」人員清冊乙式，請查照。,乾坤測繪科技有限公司,A15030200HU122000 (交通部公路局中區養護工程分局信義工務段),使用者確認,2025-05-27 12:22:27,電子,,,2025-07-24
200,發文,乾坤測字第1140000083號,2025-05-27,中華民國114年5月27日,函,乾坤測,1140000083,檢送「埔里工務段、信義工務段優先關注邊坡光達應用暨進階檢測圖資建置計畫(第七期)」保密協定及切結書1式4份，請查照。,乾坤測繪科技有限公司,A15030200HU122000 (交通部公路局中區養護工程分局信義工務段),使用者確認,2025-05-27 12:40:12,電子,,,2025-07-24
201,發文,乾坤測字第1140000084號,2025-05-27,中華民國114年5月27日,函,乾坤測,1140000084,檢送「埔里工務段、信義工務段優先關注邊坡光達應用暨進階檢測圖資建置計畫(第七期)」開工報告書1式4份，請查照。,乾坤測繪科技有限公司,A15030200H (交通部公路局中區養護工程分局),使用者確認,2025-05-27 12:39:56,電子,,,2025-07-24
202,發文,乾坤測字第1140000084號,2025-05-27,中華民國114年5月27日,函,乾坤測,1140000084,檢送「埔里工務段、信義工務段優先關注邊坡光達應用暨進階檢測圖資建置計畫(第七期)」開工報告書1式4份，請查照。,乾坤測繪科技有限公司,A15030200HU122000 (交通部公路局中區養護工程分局信義工務段),使用者確認,2025-05-27 12:39:40,電子,,,2025-07-24
203,發文,乾坤測字第1140000085號,2025-05-27,中華民國114年5月27日,函,乾坤測,1140000085,檢送「埔里工務段、信義工務段優先關注邊坡光達應用暨進階檢測圖資建置計畫(第七期)」保險相關單據，如說明二，請查照。,乾坤測繪科技有限公司,A15030200HU122000 (交通部公路局中區養護工程分局信義工務段),使用者確認,2025-05-27 14:44:58,電子,,,2025-07-24
204,收文,中分局養字第1145017209號,2025-05-28,中華民國114年5月28日,函,中分局養,1145017209,「埔里工務段、信義工務段優先關注邊坡光達應用暨進階檢測圖資建置計畫(第六期)」派員驗收案，如說明，請查照。,交通部公路局中區養護工程分局,EB50819619 乾坤測繪科技有限公司,收文完成,2025-05-28 08:54:35,電子,,,2025-07-24
205,收文,桃工用字第11400208941號,2025-05-28,中華民國114年5月28日,函,桃工用,11400208941,檢送「114年度桃園市都市計畫內公共設施完竣地區調查及範圍劃定管理系統建置計畫」派工範圍土地清冊1份，詳如說明，請查照。,桃園市政府工務局,EB50819619 乾坤測繪科技有限公司,收文完成,2025-05-28 12:42:53,電子,,,2025-07-24
206,收文,桃工用字第1140020894號,2025-05-28,中華民國114年5月28日,函,桃工用,1140020894,檢送「114年度桃園市都市計畫內公共設施完竣地區調查及範圍劃定管理系統建置計畫」派工範圍土地清冊1份，詳如說明，請查照。,桃園市政府工務局,EB50819619 乾坤測繪科技有限公司,收文完成,2025-05-28 12:42:43,電子,,,2025-07-24
207,發文,乾坤測字第1140000086號,2025-05-29,中華民國114年5月29日,函,乾坤測,1140000086,檢送「埔里工務段、信義工務段優先關注邊坡光達應用暨進階檢測圖資建置計畫(第七期)」之汛期前綜合評估報告乙式，請查照。,乾坤測繪科技有限公司,A15030200HU122000 (交通部公路局中區養護工程分局信義工務段),使用者確認,2025-05-29 10:43:24,電子,,,2025-07-24
208,收文,府工用字第1140146400號,2025-05-29,中華民國114年5月29日,開會通知單,府工用,1140146400,本市「八德區和強路(和平路至延平路)拓寬工程」協議價購或以其他方式取得會議,桃園市政府,EB50819619 乾坤測繪科技有限公司,收文完成,2025-05-29 14:24:04,電子,,,2025-07-24
209,收文,桃工用字第1140021017號,2025-05-29,中華民國114年5月29日,函,桃工用,1140021017,有關貴公司檢送「112至113年度桃園市轄內興辦公共設施工程用地取得所需土地市價及地上物查估、測量作業暨相關計畫書製作委託專業服務(開口契約)」－派工單(090)之本市桃園區「國強一街至文中路道路開闢工程」導線及1/500地形測量作業成果乙式，同意核定，請查照。,桃園市政府工務局,EB50819619 乾坤測繪科技有限公司,收文完成,2025-05-29 14:23:56,電子,,,2025-07-24
210,發文,乾坤測字第1140000087號,2025-06-02,中華民國114年6月2日,函,乾坤測,1140000087,檢送本公司辦理「龍潭區龍新路道路拓寬(直坑尾橋至三和段1240巷)」市價查估作業修正後成果電子檔(以電子郵件方式提供)，請查照。,乾坤測繪科技有限公司,380110000G (桃園市政府工務局),使用者確認,2025-06-02 11:16:02,電子,,,2025-07-24
211,發文,乾坤測字第1140000088號,2025-06-03,中華民國114年6月3日,函,乾坤測,1140000088,檢送「埔里工務段、信義工務段優先關注邊坡光達應用暨進階檢測圖資建置計畫(第七期)」之「邊坡口卡系統遠端建置工作」相關儀器規格確認單乙式，請查照。,乾坤測繪科技有限公司,A15030200HU122000 (交通部公路局中區養護工程分局信義工務段),使用者確認,2025-06-03 14:29:11,電子,,,2025-07-24
212,收文,桃工用字第1140021661號,2025-06-03,中華民國114年6月3日,函,桃工用,1140021661,有關本局召開「複估本市「新屋區中華南路一段(福九路至高鐵南路七段)道路拓寬工程」案內中華段1044及1046地號土地地上物(電表及水表)」會勘，詳如說明，請查照。,桃園市政府工務局,EB50819619 乾坤測繪科技有限公司,收文完成,2025-06-03 14:33:24,電子,,,2025-07-24
213,收文,中分局單信字第1145018160號,2025-06-04,中華民國114年6月4日,函,中分局單信,1145018160,檢送本段114年5月27日召開「埔里工務段、信義工務段優先關注邊坡光達應用暨進階檢測圖資建置計畫(第七期)」開工前協調會議紀錄1份，業經本分局同意備查，請查照。,交通部公路局中區養護工程分局信義工務段,EB50819619 乾坤測繪科技有限公司,收文完成,2025-06-04 17:22:15,電子,,,2025-07-24
214,發文,乾坤測字第1140000089號,2025-06-04,中華民國114年6月4日,函,乾坤測,1140000089,檢送「埔里工務段、信義工務段優先關注邊坡光達應用暨進階檢測圖資建置計畫(第七期)」114年5月安全衛生協議組織會議紀錄1份，請查照。,乾坤測繪科技有限公司,A15030200HU122000 (交通部公路局中區養護工程分局信義工務段),使用者確認,2025-06-04 15:44:50,電子,,,2025-07-24
215,收文,桃工用字第1140021771號,2025-06-05,中華民國114年6月5日,函,桃工用,1140021771,有關本市「虎頭山三聖宮前串連台1線新闢道路工程」及「平鎮區平東路239巷94弄至華安街道路工程」用地取得土地徵收補償查估審議2案，詳如說明，請查照。,桃園市政府工務局,EB50819619 乾坤測繪科技有限公司,收文完成,2025-06-05 10:53:45,電子,,,2025-07-24
216,收文,桃工用字第1140022047號,2025-06-06,中華民國114年6月6日,函,桃工用,1140022047,有關貴公司提請辦理「112至113年度桃園市轄內興辦公共設施工程用地取得所需土地市價及地上物查估、測量作業暨相關計畫書製作委託專業服務(開口契約)」第四批次部分驗收一案，請查照。,桃園市政府工務局,EB50819619 乾坤測繪科技有限公司,收文完成,2025-06-06 14:13:47,電子,,,2025-07-24
217,收文,(114)永能新字第1140010476號,2025-06-09,中華民國114年6月9日,函,(114)永能新,1140010476,敬邀貴單位參加「2025亞太暨台灣永續行動獎」評選活動，展現永續施政績效，敬請協助公告並轉知所屬，鼓勵踴躍報名參加，請查照。,財團法人台灣永續能源研究基金會,EB50819619 乾坤測繪科技有限公司,收文完成,2025-06-10 15:00:23,電子,,,2025-07-24
218,收文,中分局養字第1145018610號,2025-06-09,中華民國114年6月9日,函,中分局養,1145018610,檢送本分局114年6月9日辦理「埔里工務段、信義工務段優先關注邊坡光達應用暨進階圖資建置計畫(第六期)」驗收紀錄1份，相關驗收缺失，請貴公司於114年6月18日內完成改善，並報本分局埔里工務段核辦，請查照。,交通部公路局中區養護工程分局,EB50819619 乾坤測繪科技有限公司,收文完成,2025-06-10 09:25:53,電子,,,2025-07-24
219,發文,乾坤測字第1140000090號,2025-06-09,中華民國114年6月9日,函,乾坤測,1140000090,檢送「埔里工務段、信義工務段優先關注邊坡光達應用暨進階檢測圖資建置計畫(第七期)」之第二季評估報告乙式，請查照。,乾坤測繪科技有限公司,A15030200HU122000 (交通部公路局中區養護工程分局信義工務段),使用者確認,2025-06-09 15:19:27,電子,,,2025-07-24
220,收文,府工用字第1140154199號,2025-06-10,中華民國114年6月10日,開會通知單,府工用,1140154199,桃園市「桃園區同德十二街道路開闢工程」用地取得協議價購或以其他方式取得會議,桃園市政府,EB50819619 乾坤測繪科技有限公司,收文完成,2025-06-10 15:16:50,電子,,,2025-07-24
221,收文,中分局單信字第1145018776號,2025-06-11,中華民國114年6月11日,函,中分局單信,1145018776,有關所提「埔里工務段、信義工務段優先關注邊坡光達應用暨進階檢測圖資建置計畫(第七期)」無人機能力審查證明及無人機作業手冊一案，業經本分局同意備查，請查照。,交通部公路局中區養護工程分局信義工務段,EB50819619 乾坤測繪科技有限公司,收文完成,2025-06-11 17:36:30,電子,,,2025-07-24
222,收文,桃工用字第1140022761號,2025-06-11,中華民國114年6月11日,函,桃工用,1140022761,檢還「大漢溪左岸新闢道路工程」用地取得協議價購不動產估價報告書，詳如說明，請查照。,桃園市政府工務局,EB50819619 乾坤測繪科技有限公司,收文完成,2025-06-11 12:44:45,電子,,,2025-07-24
223,收文,桃工用字第1140022926號,2025-06-11,中華民國114年6月11日,函,桃工用,1140022926,檢送本局委託貴公司辦理本市「八德區和強路（和平路至延平路）拓寬工程」需用土地地上物查估作業，請再次查估檢視本市八德區中華段1328-2地號地價及地上物，請查照。,桃園市政府工務局,EB50819619 乾坤測繪科技有限公司,收文完成,2025-06-11 11:39:35,電子,,,2025-07-24
224,收文,中分局單信字第1145018951號,2025-06-12,中華民國114年6月12日,函,中分局單信,1145018951,有關所提「埔里工務段、信義工務段優先關注邊坡光達應用暨進階檢測圖資建置計畫(第七期)」提送「邊坡口卡系統遠端建置工作」相關儀器規格確認單一案，本段同意核定，詳如說明，請查照。,交通部公路局中區養護工程分局信義工務段,EB50819619 乾坤測繪科技有限公司,收文完成,2025-06-12 10:56:11,電子,,,2025-07-24
225,發文,乾坤測字第1140000091號,2025-06-12,中華民國114年6月12日,函,乾坤測,1140000091,有關「112至113年度桃園市轄內興辦公共設施工程用地取得所需土地市價及地上物查估、測量作業暨相關計畫書製作委託專業服務(開口契約)」新增查估執行廠商一事，詳如說明，請查照。,乾坤測繪科技有限公司,380110000G (桃園市政府工務局),使用者確認,2025-06-12 11:12:04,電子,,,2025-07-24
226,收文,嘉竹地價字第11400035661號,2025-06-12,中華民國114年6月12日,開會通知單,嘉竹地價,11400035661,「114年度圖根點補建、新建作業」採購評審小組會議,嘉義縣竹崎地政事務所,EB50819619 乾坤測繪科技有限公司,收文完成,2025-06-12 10:30:53,電子,,,2025-07-24
227,收文,桃工用字第1140023080號,2025-06-12,中華民國114年6月12日,函,桃工用,1140023080,為辦理本市「桃園區經國路208巷打通至南通路21巷」土地徵收查估市價提報本市地價及標準地價評議委員會評議一案，請查照。,桃園市政府工務局,EB50819619 乾坤測繪科技有限公司,收文完成,2025-06-12 10:56:02,電子,,,2025-07-24
228,收文,中分局單信字第1145019069號,2025-06-13,中華民國114年6月13日,函,中分局單信,1145019069,有關所提「埔里工務段、信義工務段優先關注邊坡光達應用暨進階檢測圖資建置計畫(第七期)」汛期前綜合評估報告一案，請依契約規定於7日內修正完成送段，詳如說明，請查照。,交通部公路局中區養護工程分局信義工務段,EB50819619 乾坤測繪科技有限公司,收文完成,2025-06-13 12:45:17,電子,,,2025-07-24
229,收文,中分局單信字第1145019072號,2025-06-13,中華民國114年6月13日,函,中分局單信,1145019072,檢送「埔里工務段、信義工務段優先關注邊坡光達應用暨進階檢測圖資建置計畫(第七期)」第二季評估報告1份，請貴段惠予提供審查意見，請查照。,交通部公路局中區養護工程分局信義工務段,EB50819619 乾坤測繪科技有限公司,收文完成,2025-06-13 12:45:07,電子,,,2025-07-24
230,發文,乾坤測字第1140000092號,2025-06-13,中華民國114年6月13日,函,乾坤測,1140000092,檢送「埔里工務段、信義工務段優先關注邊坡光達應用暨進階檢測圖資建置計畫(第六期)」之「驗收缺失改善覆核報告」乙式，請查照。,乾坤測繪科技有限公司,A15030200H (交通部公路局中區養護工程分局),使用者確認,2025-06-16 09:51:27,電子,,,2025-07-24
231,發文,乾坤測字第1140000092號,2025-06-13,中華民國114年6月13日,函,乾坤測,1140000092,檢送「埔里工務段、信義工務段優先關注邊坡光達應用暨進階檢測圖資建置計畫(第六期)」之「驗收缺失改善覆核報告」乙式，請查照。,乾坤測繪科技有限公司,A15030200HU121900 (交通部公路局中區養護工程分局埔里工務段),使用者確認,2025-06-16 09:54:03,電子,,,2025-07-24
232,收文,中分局單信字第1145019312號,2025-06-16,中華民國114年6月16日,函,中分局單信,1145019312,檢送本段「114年第1、2次一般災害」明細資料1份，請於114年6月30日前完成上傳「省道邊坡全生命週期維護管理系統」，請查照。,交通部公路局中區養護工程分局信義工務段,EB50819619 乾坤測繪科技有限公司,收文完成,2025-06-16 14:24:14,電子,,,2025-07-24
233,收文,中分局養字第1145018830B號,2025-06-16,中華民國114年6月16日,函,中分局養,1145018830B,檢送「埔里工務段、信義工務段優先關注邊坡光達應用暨進階檢測圖資建置計畫(第七期)」契約書副本1份，請派員監造，請查照。,交通部公路局中區養護工程分局,EB50819619 乾坤測繪科技有限公司,收文完成,2025-06-16 12:07:24,電子,,,2025-07-24
234,發文,乾坤測字第1140000093號,2025-06-16,中華民國114年6月16日,函,乾坤測,1140000093,檢送「埔里工務段、信義工務段優先關注邊坡光達應用暨進階檢測圖資建置計畫(第七期)」之「邊坡檢測工作執行計畫」(核定版)1式5份，請查照。,乾坤測繪科技有限公司,A15030200HU122000 (交通部公路局中區養護工程分局信義工務段),使用者確認,2025-06-16 14:56:51,電子,,,2025-07-24
235,收文,中分局單信字第1145019389號,2025-06-17,中華民國114年6月17日,函,中分局單信,1145019389,檢送本段114年5月27日召開「埔里工務段、信義工務段優先關注邊坡光達應用暨進階檢測圖資建置計畫(第七期)」安全衛生協議組織會議紀錄及危害因素告知單各1份，業經本分局同意備查，請查照。,交通部公路局中區養護工程分局信義工務段,EB50819619 乾坤測繪科技有限公司,收文完成,2025-06-17 16:03:45,電子,,,2025-07-24
236,發文,乾坤測字第1140000094號,2025-06-17,中華民國114年6月17日,函,乾坤測,1140000094,檢送「大漢溪左岸新闢道路工程」用地取得協議價購核章版不動產估價報告書1式3份，請查照。,乾坤測繪科技有限公司,380110000G (桃園市政府工務局),使用者確認,2025-06-17 10:27:40,電子,,,2025-07-24
237,發文,乾坤測字第1140000095號,2025-06-17,中華民國114年6月17日,開會通知單,乾坤測,1140000095,「埔里工務段、信義工務段優先關注邊坡光達應用暨進階檢測圖資建置計畫(第七期)」114年6月份安全衛生協議組織會議,乾坤測繪科技有限公司,A15030200HU122000 (交通部公路局中區養護工程分局信義工務段),使用者確認,2025-06-17 13:31:43,電子,,,2025-07-24
238,發文,乾坤測字第1140000096號,2025-06-18,中華民國114年6月18日,函,乾坤測,1140000096,檢送「埔里工務段、信義工務段優先關注邊坡光達應用暨進階檢測圖資建置計畫(第七期)」之汛期前綜合評估報告(修正版)乙式，請查照。,乾坤測繪科技有限公司,A15030200HU122000 (交通部公路局中區養護工程分局信義工務段),使用者確認,2025-06-18 13:56:54,電子,,,2025-07-24
239,收文,桃工用字第1140024090號,2025-06-18,中華民國114年6月18日,函,桃工用,1140024090,為貴公司承攬本局「八德區和強路(和平路至延平路)拓寬工程」內用地範圍八德區中華段1318地號等44筆土地協議價購市價查估及地上物查估作業，詳如說明，請查照。,桃園市政府工務局,EB50819619 乾坤測繪科技有限公司,收文完成,2025-06-18 12:00:07,電子,,,2025-07-24
240,發文,乾坤測字第1140000097號,2025-06-19,中華民國114年6月19日,函,乾坤測,1140000097,檢送「埔里工務段、信義工務段優先關注邊坡光達應用暨進階檢測圖資建置計畫(第七期)」114年6月安全衛生協議組織會議紀錄1份，請查照。,乾坤測繪科技有限公司,A15030200HU122000 (交通部公路局中區養護工程分局信義工務段),使用者確認,2025-06-19 11:21:53,電子,,,2025-07-24
241,收文,嘉竹地價字第1140003798號,2025-06-19,中華民國114年6月19日,函,嘉竹地價,1140003798,本所「114年度圖根點補建、新建作業」採購案評審結果，詳如說明，請查照。,嘉義縣竹崎地政事務所,EB50819619 乾坤測繪科技有限公司,收文完成,2025-06-19 17:25:34,電子,,,2025-07-24
242,發文,乾坤測字第1140000098號,2025-06-20,中華民國114年6月20日,函,乾坤測,1140000098,檢送「埔里工務段、信義工務段優先關注邊坡光達應用暨進階檢測圖資建置計畫(第六期)」之第末期估驗計價表乙式4份，請查照。,乾坤測繪科技有限公司,A15030200HU121900 (交通部公路局中區養護工程分局埔里工務段),使用者確認,2025-06-20 14:53:08,電子,,,2025-07-24
243,收文,嘉竹地價字第1140003845號,2025-06-20,中華民國114年6月20日,函,嘉竹地價,1140003845,有關本所「114年度圖根點補建、新建作業」採購案（案號QE1140601），決標事項如說明，請查照。,嘉義縣竹崎地政事務所,EB50819619 乾坤測繪科技有限公司,收文完成,2025-06-20 14:44:14,電子,,,2025-07-24
244,收文,府工用字第1140178073號,2025-06-25,中華民國114年6月25日,函,府工用,1140178073,檢送本府114年5月29日辦理「桃園市『桃園區國強一街至文中路道路開闢工程』用地取得協議價購或以其他方式取得會議」會議紀錄1份，請查照。,桃園市政府,EB50819619 乾坤測繪科技有限公司,收文完成,2025-06-26 09:07:03,電子,,,2025-07-24
245,收文,府建都字第1140146773號,2025-06-25,中華民國114年6月25日,開會通知單,府建都,1140146773,召開114年度南投市地籍圖重測區都市計畫樁位偏差研商會議,南投縣政府,EB50819619 乾坤測繪科技有限公司,收文完成,2025-06-25 11:36:16,電子,,,2025-07-24
246,收文,桃工用字第1140025295號,2025-06-25,中華民國114年6月25日,函,桃工用,1140025295,有關本市「中壢區龍岡路4-1-10M計畫道路路口瓶頸打通工程」、「桃園區經國路208巷打通至南通路21巷」及大園區「田溪路(華興路二段至聖德北路)道路拓寬工程」用地取得土地徵收補償查估審議一案，詳如說明，請查照。,桃園市政府工務局,EB50819619 乾坤測繪科技有限公司,收文完成,2025-06-25 15:27:56,電子,,,2025-07-24
247,發文,乾坤測字第1140000101號,2025-06-27,中華民國114年6月27日,函,乾坤測,1140000101,檢送本公司辦理「112至113年度桃園市轄內興辦公共設施工程用地取得所需土地市價及地上物查估、測量作業暨相關計畫書製作委託專業服務(開口契約)」-派工單號100之桃園市「平鎮區平東路239巷94弄至華安街」道路工程內平鎮區東安段509-1地號土地協議價購市價查估作業成果電子檔(以電子郵件方式提供)，請查照。,乾坤測繪科技有限公司,380110000G (桃園市政府工務局),使用者確認,2025-06-27 10:58:15,電子,,,2025-07-24
248,發文,乾坤測字第1140000102號,2025-06-27,中華民國114年6月27日,函,乾坤測,1140000102,有關貴段「114年第1、2次一般災害」明細資料，本公司已完成更新及上傳「省道邊坡全生命週期維護管理系統」，請查照。,乾坤測繪科技有限公司,A15030200HU122000 (交通部公路局中區養護工程分局信義工務段),使用者確認,2025-06-27 14:19:10,電子,,,2025-07-24
249,發文,乾坤測字第1140000103號,2025-06-30,中華民國114年6月30日,函,乾坤測,1140000103,檢送本公司辦理「桃園市平鎮東龍科技園區聯外道路拓寬工程」案內土地協議市價查估作業修正後成果電子檔(以電子郵件方式提供)，請查照。,乾坤測繪科技有限公司,380110000G (桃園市政府工務局),使用者確認,2025-06-30 15:40:09,電子,,,2025-07-24
250,發文,乾坤測字第1140000104號,2025-07-01,中華民國114年7月1日,函,乾坤測,1140000104,有關「112至113年度桃園市轄內興辦公共設施工程用地取得所需土地市價及地上物查估、測量作業暨相關計畫書製作委託專業服務(開口契約)」新增查估執行廠商一事，詳如說明，請查照。,乾坤測繪科技有限公司,380110000G (桃園市政府工務局),使用者確認,2025-07-01 16:01:41,電子,,,2025-07-24
251,發文,乾坤測字第1140000105號,2025-07-01,中華民國114年7月1日,函,乾坤測,1140000105,檢送本公司辦理「112至113年度桃園市轄內興辦公共設施工程用地取得所需土地市價及地上物查估、測量作業暨相關計畫書製作委託專業服務(開口契約)」第五批次驗收統計表及案件往來公文乙式，提請貴單位辦理本案驗收，請查照。,乾坤測繪科技有限公司,380110000G (桃園市政府工務局),使用者確認,2025-07-01 16:44:58,電子,,,2025-07-24
252,發文,乾坤測字第1140000106號,2025-07-01,中華民國114年7月1日,函,乾坤測,1140000106,檢送本公司辦理「112至113年度桃園市轄內興辦公共設施工程用地取得所需土地市價及地上物查估、測量作業暨相關計畫書製作委託專業服務(開口契約)」-派工單號098之桃園市「虎頭山三聖宮前串連台1線新闢道路工程」協議價購市價查估作業成果電子檔(以電子郵件方式提供)，請查照。,乾坤測繪科技有限公司,380110000G (桃園市政府工務局),使用者確認,2025-07-01 16:29:29,電子,,,2025-07-24
253,收文,桃工用字第1140026093號,2025-07-01,中華民國114年7月1日,函,桃工用,1140026093,為貴公司承攬本局「八德區和強路(和平路至延平路)拓寬工程」內用地範圍八德區中華段1318地號等44筆土地協議價購市價查估及地上物查估作業，詳如說明，請查照。,桃園市政府工務局,EB50819619 乾坤測繪科技有限公司,收文完成,2025-07-01 13:38:15,電子,,,2025-07-24
254,收文,中分局單信字第1145021065號,2025-07-02,中華民國114年7月2日,函,中分局單信,1145021065,檢送「埔里工務段、信義工務段優先關注邊坡光達應用暨進階檢測圖資建置計畫(第七期)」第二季評估報告審查意見（含埔里段及信義段）1份，請依限於114年7月8日前修正後函送本段，請查照。,交通部公路局中區養護工程分局信義工務段,EB50819619 乾坤測繪科技有限公司,收文完成,2025-07-02 14:17:49,電子,,,2025-07-24
255,收文,桃工用字第1140025966號,2025-07-02,中華民國114年7月2日,函,桃工用,1140025966,為貴公司承攬本局「八德區和強路(和平路至延平路)拓寬工程」內用地範圍八德區中華段1318地號等44筆土地協議價購市價查估及地上物查估作業，詳如說明，請查照。,桃園市政府工務局,EB50819619 乾坤測繪科技有限公司,收文完成,2025-07-02 10:57:02,電子,,,2025-07-24
256,收文,桃工用字第1140025966號,2025-07-02,中華民國114年7月2日,函,桃工用,1140025966,為貴公司承攬本局「八德區和強路(和平路至延平路)拓寬工程」內用地範圍八德區中華段1318地號等44筆土地協議價購市價查估及地上物查估作業，詳如說明，請查照。,桃園市政府工務局,EB50819619 乾坤測繪科技有限公司（協力廠商:大有國際不動產估價師聯合事務所）,收文完成,2025-07-02 10:57:13,電子,,,2025-07-24
257,收文,桃工用字第1140026220號,2025-07-02,中華民國114年7月2日,函,桃工用,1140026220,為辦理本市「桃園區同德十二街道路開闢工程」用地取得作業，請協助回復土地所有權人牙璽琹、牙璽靖君之陳述意見，俾憑彙整後回復，請查照。,桃園市政府工務局,EB50819619 乾坤測繪科技有限公司,收文完成,2025-07-02 11:36:57,電子,,,2025-07-24
258,收文,中分局單信字第1145021283號,2025-07-03,中華民國114年7月3日,函,中分局單信,1145021283,檢送本段「114年第3次一般災害」局核定函及明細資料各1份，請於114年7月25日前完成上傳「省道邊坡全生命週期維護管理系統」，請查照。,交通部公路局中區養護工程分局信義工務段,EB50819619 乾坤測繪科技有限公司,收文完成,2025-07-03 10:52:02,電子,,,2025-07-24
259,發文,乾坤測字第1140000108號,2025-07-04,中華民國114年7月4日,函,乾坤測,1140000108,有關「114年度南投縣都市計畫樁位測補釘案委託技術服務案(開口契約)」第一次工作派工，本公司已於114年7月3日完成，檢送相關成果1份，請查照。,乾坤測繪科技有限公司,376480000A (南投縣政府),使用者確認,2025-07-04 10:17:48,電子,,,2025-07-24
260,發文,乾坤測字第1140000108號,2025-07-04,中華民國114年7月4日,函,乾坤測,1140000108,有關「114年度南投縣都市計畫樁位測補釘案委託技術服務案(開口契約)」第一次工作派工，本公司已於114年7月3日完成，檢送相關成果1份，請查照。,乾坤測繪科技有限公司,A01020100G (內政部國土管理署城鄉發展分署),使用者確認,2025-07-04 09:58:12,電子,,,2025-07-24
261,發文,乾坤測字第1140000109號,2025-07-04,中華民國114年7月4日,函,乾坤測,1140000109,貴所「114年度圖根點補建、新建作業」一案，本公司規劃於114年7月7日開工，建請准予備查，請查照。,乾坤測繪科技有限公司,376500700A (嘉義縣竹崎地政事務所),使用者確認,2025-07-04 10:49:05,電子,,,2025-07-24
262,發文,乾坤測字第1140000110號,2025-07-04,中華民國114年7月4日,函,乾坤測,1140000110,檢送本公司辦理「112至113年度桃園市轄內興辦公共設施工程用地取得所需土地市價及地上物查估、測量作業暨相關計畫書製作委託專業服務(開口契約)」-派工單號096「大園區田溪路(華興路二段至聖德北路)道路拓寬工程」測量作業成果乙式，請查照。,乾坤測繪科技有限公司,380110000G (桃園市政府工務局),使用者確認,2025-07-04 10:49:54,電子,,,2025-07-24
263,發文,乾坤測字第1140000111號,2025-07-04,中華民國114年7月4日,函,乾坤測,1140000111,檢送「埔里工務段、信義工務段優先關注邊坡光達應用暨進階檢測圖資建置計畫(第七期)」之第二季評估報告(修正版)乙式，請查照。,乾坤測繪科技有限公司,A15030200H (交通部公路局中區養護工程分局),使用者確認,2025-07-04 12:31:02,電子,,,2025-07-24
264,發文,乾坤測字第1140000111號,2025-07-04,中華民國114年7月4日,函,乾坤測,1140000111,檢送「埔里工務段、信義工務段優先關注邊坡光達應用暨進階檢測圖資建置計畫(第七期)」之第二季評估報告(修正版)乙式，請查照。,乾坤測繪科技有限公司,A15030200HU122000 (交通部公路局中區養護工程分局信義工務段),使用者確認,2025-07-04 12:30:27,電子,,,2025-07-24
265,發文,乾坤測字第1140000112號,2025-07-04,中華民國114年7月4日,函,乾坤測,1140000112,檢送本公司辦理「112至113年度桃園市轄內興辦公共設施工程用地取得所需土地市價及地上物查估、測量作業暨相關計畫書製作委託專業服務(開口契約)」-派工單號099之桃園市「平鎮區金陵路五、六段替代道路新闢工程」內用地範圍土地徵收市價查估作業成果乙式，請查照。,乾坤測繪科技有限公司,380110000G (桃園市政府工務局),使用者確認,2025-07-04 16:19:51,電子,,,2025-07-24
266,收文,桃工用字第1140026322號,2025-07-04,中華民國114年7月4日,函,桃工用,1140026322,有關貴公司提送「新屋區中華南路一段(福九路至高鐵南路七段)道路拓寬工程」修正後測量作業報告書，本局原則同意核定，詳如說明，請查照。,桃園市政府工務局,EB50819619 乾坤測繪科技有限公司,收文完成,2025-07-04 12:00:09,電子,,,2025-07-24
267,收文,桃工用字第1140026790號,2025-07-04,中華民國114年7月4日,函,桃工用,1140026790,有關貴公司檢送「112至113年度桃園市轄內興辦公共設施工程用地取得所需土地市價及地上物查估、測量作業暨相關計畫書製作委託專業服務(開口契約)」－派工單(095)之本市桃園區「國強一街至文中路道路開闢工程」水準測量作業成果乙式，同意核定，請查照。,桃園市政府工務局,EB50819619 乾坤測繪科技有限公司,收文完成,2025-07-04 11:44:52,電子,,,2025-07-24
268,收文,桃工用字第1140026302號,2025-07-08,中華民國114年7月8日,開會通知單,桃工用,1140026302,本市龜山區「虎頭山三聖宮前串連台1線新闢道路工程」用地取得協議價購土地市價審查會議,桃園市政府工務局,EB50819619 乾坤測繪科技有限公司,收文完成,2025-07-08 16:28:07,電子,,,2025-07-24
269,收文,桃工用字第11400269191號,2025-07-08,中華民國114年7月8日,會勘通知單,桃工用,11400269191,為本局辦理「大溪區松樹段公共設施完竣情形」現地會勘,桃園市政府工務局,EB50819619 乾坤測繪科技有限公司,收文完成,2025-07-08 10:30:45,電子,,,2025-07-24
270,收文,桃工用字第1140026919號,2025-07-08,中華民國114年7月8日,會勘通知單,桃工用,1140026919,為本局辦理「本市平鎮區東安段公共設施完竣情形」現地會勘,桃園市政府工務局,EB50819619 乾坤測繪科技有限公司,收文完成,2025-07-08 10:30:36,電子,,,2025-07-24
271,收文,桃工用字第11400270141號,2025-07-08,中華民國114年7月8日,會勘通知單,桃工用,11400270141,為本局辦理「本市觀音區草新段公共設施完竣情形」現地會勘,桃園市政府工務局,EB50819619 乾坤測繪科技有限公司,收文完成,2025-07-08 10:30:52,電子,,,2025-07-24
272,收文,桃工用字第1140027014號,2025-07-08,中華民國114年7月8日,會勘通知單,桃工用,1140027014,為本局辦理「本市楊梅區新明段公共設施完竣情形」現地會勘,桃園市政府工務局,EB50819619 乾坤測繪科技有限公司,收文完成,2025-07-08 10:36:11,電子,,,2025-07-24
273,發文,乾坤測字第1140000114號,2025-07-10,中華民國114年7月10日,函,乾坤測,1140000114,檢送「桃園區同德十二街道路開闢工程」用地取得土地所有權人陳述意見回覆表1份，請查照。,乾坤測繪科技有限公司,380110000G (桃園市政府工務局),使用者確認,2025-07-11 07:05:50,電子,,,2025-07-24
274,收文,嘉竹地測字第1140004140號,2025-07-10,中華民國114年7月10日,函,嘉竹地測,1140004140,關於貴公司承攬本所「114年度圖根補建、新建作業」一案，規劃於114年7月7日開工，准予備查，請查照。,嘉義縣竹崎地政事務所,EB50819619 乾坤測繪科技有限公司,收文完成,2025-07-10 14:08:15,電子,,,2025-07-24
275,收文,府工用字第1140191056號,2025-07-10,中華民國114年7月10日,開會通知單,府工用,1140191056,本市「平鎮區平東路239巷94弄至華安街」道路工程用地取得協議價購或以其他方式取得會議,桃園市政府,EB50819619 乾坤測繪科技有限公司,收文完成,2025-07-10 12:12:32,電子,,,2025-07-24
276,發文,乾坤測字第1140000115號,2025-07-11,中華民國114年7月11日,開會通知單,乾坤測,1140000115,「埔里工務段、信義工務段優先關注邊坡光達應用暨進階檢測圖資建置計畫(第七期)」114年7月份安全衛生協議組織會議,乾坤測繪科技有限公司,A15030200HU122000 (交通部公路局中區養護工程分局信義工務段),使用者確認,2025-07-11 10:16:48,電子,,,2025-07-24
277,發文,乾坤測字第1140000116號,2025-07-11,中華民國114年7月11日,函,乾坤測,1140000116,有關貴段「114年第3次一般災害」明細資料，本公司已完成更新及上傳「省道邊坡全生命週期維護管理系統」，請查照。,乾坤測繪科技有限公司,A15030200HU122000 (交通部公路局中區養護工程分局信義工務段),使用者確認,2025-07-11 14:59:16,電子,,,2025-07-24
278,發文,乾坤測字第1140000117號,2025-07-14,中華民國114年7月14日,函,乾坤測,1140000117,檢送「埔里工務段、信義工務段優先關注邊坡光達應用暨進階檢測圖資建置計畫(第七期)」114年7月安全衛生協議組織會議紀錄1份，請查照。,乾坤測繪科技有限公司,A15030200HU122000 (交通部公路局中區養護工程分局信義工務段),使用者確認,2025-07-14 10:49:29,電子,,,2025-07-24
279,發文,乾坤測字第1140000118號,2025-07-14,中華民國114年7月14日,函,乾坤測,1140000118,檢送「埔里工務段、信義工務段優先關注邊坡光達應用暨進階檢測圖資建置計畫(第七期)」第一期估驗計價表乙式4份，請查照。,乾坤測繪科技有限公司,A15030200HU122000 (交通部公路局中區養護工程分局信義工務段),使用者確認,2025-07-14 17:47:59,電子,,,2025-07-24
280,收文,桃工用字第1140026845號,2025-07-14,中華民國114年7月14日,函,桃工用,1140026845,有關貴公司提送「大園區田溪路(華興路二段至聖德北路)道路拓寬工程」水準測量、1/500地形測量、1/100橫斷面測量、測量報告及地形圖製作之成果報告(核定版)一案，業經審查尚符契約規定，本局原則同意核定，請查照。,桃園市政府工務局,EB50819619 乾坤測繪科技有限公司,收文完成,2025-07-14 13:33:06,電子,,,2025-07-24
281,收文,中分局單信字第1145022915號,2025-07-17,中華民國114年7月17日,函,中分局單信,1145022915,有關「埔里工務段、信義工務段優先關注邊坡光達應用暨進階檢測圖資建置計畫(第七期)」，因114年7月8日至7月9日豪雨啟動執行台16線23K+500~25K+500、台21線74K+000~76K+500上邊坡特別檢測一案，詳如說明，請查照。,交通部公路局中區養護工程分局信義工務段,EB50819619 乾坤測繪科技有限公司,收文完成,2025-07-17 16:44:35,電子,,,2025-07-24
282,收文,中分局單信字第1145023008號,2025-07-17,中華民國114年7月17日,函,中分局單信,1145023008,檢送本段「114年第4次一般災害」局核定函及明細資料各1份，請於114年8月5日前完成上傳「省道邊坡全生命週期維護管理系統」，請查照。,交通部公路局中區養護工程分局信義工務段,EB50819619 乾坤測繪科技有限公司,收文完成,2025-07-23 08:37:18,電子,,,2025-07-24
283,收文,桃工用字第1140028629號,2025-07-17,中華民國114年7月17日,函,桃工用,1140028629,檢送114年6月13日辦理複估本市「新屋區中華南路一段(福九路至高鐵南路七段)道路拓寬工程」案內中華段1044及1046地號土地地上物(電表及水表)會議紀錄1份，請查照。,桃園市政府工務局,EB50819619 乾坤測繪科技有限公司,收文完成,2025-07-17 11:38:59,電子,,,2025-07-24
284,收文,桃工用字第1140028727號,2025-07-17,中華民國114年7月17日,函,桃工用,1140028727,有關貴公司辦理「112至113年度桃園市轄內興辦公共設施工程用地取得所需土地市價及地上物查估、測量作業暨相關計畫書製作委託專業服務(開口契約)」更換及新增執行查估作業協力廠商一案，詳如說明，請查照。,桃園市政府工務局,EB50819619 乾坤測繪科技有限公司,收文完成,2025-07-17 16:44:22,電子,,,2025-07-24
285,收文,桃工用字第1140027927號,2025-07-18,中華民國114年7月18日,函,桃工用,1140027927,有關貴公司檢送「新屋區中華南路一段(福九路至高鐵南路七段)道路拓寬工程」測量作業成果（定稿版），本局同意備查，請查照。,桃園市政府工務局,EB50819619 乾坤測繪科技有限公司,收文完成,2025-07-18 16:58:04,電子,,,2025-07-24
286,收文,桃工用字第1140029161號,2025-07-21,中華民國114年7月21日,會勘通知單,桃工用,1140029161,為本局辦理「本市桃園區三元段公共設施完竣情形」現地會勘,桃園市政府工務局,EB50819619 乾坤測繪科技有限公司,收文完成,2025-07-21 13:42:40,電子,,,2025-07-24
287,收文,桃工用字第1140029287號,2025-07-21,中華民國114年7月21日,函,桃工用,1140029287,有關貴公司提請辦理「112至113年度桃園市轄內興辦公共設施工程用地取得所需土地市價及地上物查估、測量作業暨相關計畫書製作委託專業服務(開口契約)」第五批次部分驗收一案，請查照。,桃園市政府工務局,EB50819619 乾坤測繪科技有限公司,收文完成,2025-07-21 13:42:48,電子,,,2025-07-24
288,收文,府經都字第1140193193號,2025-07-22,中華民國114年7月22日,函,府經都,1140193193,不予決標（廢標）結果通知，請查照。,嘉義縣政府,EB50819619 乾坤測繪科技有限公司,收文完成,2025-07-22 10:53:56,電子,,,2025-07-24
289,收文,桃工用字第1140029113號,2025-07-22,中華民國114年7月22日,會勘通知單,桃工用,1140029113,為本局辦理「本市楊梅區新明段公共設施完竣情形」現地會勘,桃園市政府工務局,EB50819619 乾坤測繪科技有限公司,收文完成,2025-07-22 10:53:49,電子,,,2025-07-24
290,發文,乾坤測字第1140000121號,2025-07-23,中華民國114年7月23日,函,乾坤測,1140000121,檢送「埔里工務段、信義工務段優先關注邊坡光達應用暨進階檢測圖資建置計畫(第七期)」之台16線23K+500~25K+500、台21線74K+000~76K+500上邊坡特別檢測報告乙式，請查照。,乾坤測繪科技有限公司,A15030200H (交通部公路局中區養護工程分局),使用者確認,2025-07-23 15:05:12,電子,,,2025-07-24
291,發文,乾坤測字第1140000121號,2025-07-23,中華民國114年7月23日,函,乾坤測,1140000121,檢送「埔里工務段、信義工務段優先關注邊坡光達應用暨進階檢測圖資建置計畫(第七期)」之台16線23K+500~25K+500、台21線74K+000~76K+500上邊坡特別檢測報告乙式，請查照。,乾坤測繪科技有限公司,A15030200HU121900 (交通部公路局中區養護工程分局埔里工務段),使用者確認,2025-07-23 15:05:56,電子,,,2025-07-24
292,發文,乾坤測字第1140000121號,2025-07-23,中華民國114年7月23日,函,乾坤測,1140000121,檢送「埔里工務段、信義工務段優先關注邊坡光達應用暨進階檢測圖資建置計畫(第七期)」之台16線23K+500~25K+500、台21線74K+000~76K+500上邊坡特別檢測報告乙式，請查照。,乾坤測繪科技有限公司,A15030200HU122000 (交通部公路局中區養護工程分局信義工務段),使用者確認,2025-07-23 15:05:33,電子,,,2025-07-24
293,收文,桃工用字第1140029413號,2025-07-23,中華民國114年7月23日,函,桃工用,1140029413,為辦理本市「桃園區國強一街至文中路道路開闢工程」用地取得作業，請協助回復地上物所有權人永豐國際汽車有限公司之陳述意見，俾憑彙整後回復，請查照。,桃園市政府工務局,EB50819619 乾坤測繪科技有限公司,收文完成,2025-07-23 12:31:27,電子,,,2025-07-24
294,發文,乾坤測字第1140000122號,2025-07-24,中華民國114年7月24日,函,乾坤測,1140000122,有關「桃園區國強一街至文中路道路開闢工程」用地取得地上物所有權人永豐國際汽車有限公司陳述意見一案，檢送本公司回復內容1份，請查照。,乾坤測繪科技有限公司,380110000G (桃園市政府工務局),使用者確認,2025-07-24 12:08:09,電子,,,2025-09-05
295,收文,府建都字第1140168102號,2025-07-24,中華民國114年7月24日,函,府建都,1140168102,檢送本府辦理「變更日月潭特定區主要計畫(公共設施用地專案通盤檢討)」案」(變3案)，都市計畫樁位成果1份及公告2份，請廣為周知，並置於公開場所供民眾閱覽，請查照。,南投縣政府,EB50819619 乾坤測繪科技有限公司,收文完成,2025-07-25 11:03:51,電子,,,2025-09-05
296,收文,桃工用字第1140029159號,2025-07-24,中華民國114年7月24日,函,桃工用,1140029159,檢送本府地政局114年7月10日「114年本市地價及標準地價評議委員會預為審查專案小組第7次會議」會議紀錄1份，請貴公司依會議決議辦理修正，請查照。,桃園市政府工務局,EB50819619 乾坤測繪科技有限公司,收文完成,2025-07-24 14:41:04,電子,,,2025-09-05
297,收文,桃工用字第1140029990號,2025-07-24,中華民國114年7月24日,函,桃工用,1140029990,為辦理本市「中壢區龍勇路（興元路至龍仁路）道路拓寬工程」土地徵收查估市價提報本市地價及標準地價評議委員會評議一案，請查照。,桃園市政府工務局,EB50819619 乾坤測繪科技有限公司,收文完成,2025-07-24 16:38:18,電子,,,2025-09-05
298,發文,乾坤測字第1140000123號,2025-07-25,中華民國114年7月25日,函,乾坤測,1140000123,檢送本公司辦理「112至113年度桃園市轄內興辦公共設施工程用地取得所需土地市價及地上物查估、測量作業暨相關計畫書製作委託專業服務(開口契約)」-派工單號101之桃園市「平鎮區金陵路五、六段替代道路新闢工程」內用地範圍土地協議市價查估作業成果乙式，請查照。,乾坤測繪科技有限公司,380110000G (桃園市政府工務局),使用者確認,2025-07-25 11:15:59,電子,,,2025-09-05
299,發文,乾坤測字第1140000124號,2025-07-25,中華民國114年7月25日,函,乾坤測,1140000124,有關「114年度圖根點補建、新建作業」（案號：QE1140601)一案，檢送本公司使用衛星定位接收儀及電子測距經緯儀辦理TAF校驗完成之校正報告計3份，請查照。,乾坤測繪科技有限公司,376500700A (嘉義縣竹崎地政事務所),使用者確認,2025-07-25 11:38:15,電子,,,2025-09-05
300,收文,府工用字第1140209684號,2025-07-28,中華民國114年7月28日,開會通知單,府工用,1140209684,「桃園市楊梅區新農街378巷13弄道路打通」用地取得協議價購或以其他方式取得會議,桃園市政府,EB50819619 乾坤測繪科技有限公司,收文完成,2025-07-29 09:33:20,電子,,,2025-09-05
301,收文,桃工用字第1140030400號,2025-07-28,中華民國114年7月28日,函,桃工用,1140030400,檢送本局114年7月24日辦理「桃園市龜山區『虎頭山三聖宮前串連台1線新闢道路工程』用地取得協議價購土地市價審查會議」會議紀錄1份，請查照。,桃園市政府工務局,EB50819619 乾坤測繪科技有限公司,收文完成,2025-07-29 09:33:29,電子,,,2025-09-05
302,收文,中分局單信字第1145023768號,2025-07-29,中華民國114年7月29日,函,中分局單信,1145023768,有關「埔里工務段、信義工務段優先關注邊坡光達應用暨進階檢測圖資建置計畫(第七期)」汛期前綜合評估報告一案，請依契約規定於7日內修正完成送段，請查照。,交通部公路局中區養護工程分局信義工務段,EB50819619 乾坤測繪科技有限公司,收文完成,2025-07-29 11:30:05,電子,,,2025-09-05
303,收文,府工用字第1140212041號,2025-07-29,中華民國114年7月29日,函,府工用,1140212041,檢送本府辦理本市「平鎮區平東路239巷94弄至華安街」道路工程用地取得協議價購或以其他方式取得會議紀錄，詳如說明，請查照。,桃園市政府,EB50819619 乾坤測繪科技有限公司,收文完成,2025-07-29 13:48:53,電子,,,2025-09-05
304,收文,府工用字第1140213081號,2025-07-30,中華民國114年7月30日,函,府工用,1140213081,檢送本府114年6月26日辦理「桃園市桃園區同德十二街道路開闢工程」用地取得協議價購或以其他方式取得會議紀錄1份，請查照。,桃園市政府,EB50819619 乾坤測繪科技有限公司,收文完成,2025-07-30 13:49:41,電子,,,2025-09-05
305,收文,桃工用字第1140030250號,2025-07-30,中華民國114年7月30日,開會通知單,桃工用,1140030250,桃園市「平鎮區金陵路五、六段替代道路新闢工程」用地取得協議價購土地市價審查會議,桃園市政府工務局,EB50819619 乾坤測繪科技有限公司,收文完成,2025-07-30 10:45:33,電子,,,2025-09-05
306,發文,乾坤測字第1140000125號,2025-07-31,中華民國114年7月31日,函,乾坤測,1140000125,有關貴段「114年第4次一般災害」明細資料，本公司已完成更新及上傳「省道邊坡全生命週期維護管理系統」，請查照。,乾坤測繪科技有限公司,A15030200HU122000 (交通部公路局中區養護工程分局信義工務段),使用者確認,2025-07-31 12:08:29,電子,,,2025-09-05
307,發文,乾坤測字第1140000126號,2025-07-31,中華民國114年7月31日,函,乾坤測,1140000126,檢送「埔里工務段、信義工務段優先關注邊坡光達應用暨進階檢測圖資建置計畫(第七期)」之汛期前綜合評估報告(修正版)乙式，請查照。,乾坤測繪科技有限公司,A15030200HU122000 (交通部公路局中區養護工程分局信義工務段),使用者確認,2025-07-31 12:08:11,電子,,,2025-09-05
308,發文,乾坤測字第1140000127號,2025-08-01,中華民國114年8月1日,函,乾坤測,1140000127,檢送本公司辦理「112至113年度桃園市轄內興辦公共設施工程用地取得所需土地市價及地上物查估、測量作業暨相關計畫書製作委託專業服務(開口契約)」-派工單號102之桃園市「中壢區龍勇路(興元路至龍仁路)道路拓寬工程」案土地徵收市價查估作業成果乙式，請查照。,乾坤測繪科技有限公司,380110000G (桃園市政府工務局),使用者確認,2025-08-01 11:05:38,電子,,,2025-09-05
309,發文,乾坤測字第1140000128號,2025-08-01,中華民國114年8月1日,函,乾坤測,1140000128,檢送「114年度圖根點補建、新建作業」7月份進度表一份，請查照。,乾坤測繪科技有限公司,376500700A (嘉義縣竹崎地政事務所),使用者確認,2025-08-05 09:38:45,電子,,,2025-09-05
310,發文,乾坤測字第1140000129號,2025-08-04,中華民國114年8月4日,函,乾坤測,1140000129,有關本公司辦理「112至113年度桃園市轄內興辦公共設施工程用地取得所需土地市價及地上物查估、測量作業暨相關計畫書製作委託專業服務(開口契約)」一案，詳如說明，請查照。,乾坤測繪科技有限公司,380110000G (桃園市政府工務局),使用者確認,2025-08-04 10:59:15,電子,,,2025-09-05
311,發文,乾坤測字第1140000130號,2025-08-04,中華民國114年8月4日,開會通知單,乾坤測,1140000130,「埔里工務段、信義工務段優先關注邊坡光達應用暨進階檢測圖資建置計畫(第七期)」114年8月份安全衛生協議組織會議,乾坤測繪科技有限公司,A15030200HU122000 (交通部公路局中區養護工程分局信義工務段),使用者確認,2025-08-04 17:09:32,電子,,,2025-09-05
312,收文,府工用字第1140222335號,2025-08-04,中華民國114年8月4日,開會通知單,府工用,1140222335,桃園市「龍潭區龍新路三和段道路拓寬(直坑尾橋至三和段1240巷)」用地取得協議價購或以其他方式取得會議,桃園市政府,EB50819619 乾坤測繪科技有限公司,收文完成,2025-08-05 08:49:29,電子,,,2025-09-05
313,收文,桃工用字第1140030486號,2025-08-04,中華民國114年8月4日,函,桃工用,1140030486,有關貴公司檢送「114年度桃園市都市計畫內公共設施完竣地區調查及範圍劃定管理系統建置計畫」期中階段公設完竣圖說900筆資料，復如說明，請查照。,桃園市政府工務局,EB50819619 乾坤測繪科技有限公司,收文完成,2025-08-05 08:49:18,電子,,,2025-09-05
314,收文,桃工用字第1140031190號,2025-08-04,中華民國114年8月4日,會勘通知單,桃工用,1140031190,為本局辦理「本市楊梅區新明段公共設施完竣情形」現地會勘,桃園市政府工務局,EB50819619 乾坤測繪科技有限公司,收文完成,2025-08-04 11:56:57,電子,,,2025-09-05
315,發文,乾坤測字第1140000131號,2025-08-05,中華民國114年8月5日,函,乾坤測,1140000131,檢送本公司辦理「112至113年度桃園市轄內興辦公共設施工程用地取得所需土地市價及地上物查估、測量作業暨相關計畫書製作委託專業服務(開口契約)」-派工單號103之桃園市「平鎮區新興路179巷至義興街」道路新闢工程土地徵收市價查估作業成果乙式，請查照。,乾坤測繪科技有限公司,380110000G (桃園市政府工務局),使用者確認,2025-08-05 12:04:56,電子,,,2025-09-05
316,發文,乾坤測字第1140000132號,2025-08-05,中華民國114年8月5日,函,乾坤測,1140000132,檢送本公司辦理桃園市「虎頭山三聖宮前串連台1線新闢道路工程」協議價購市價查估作業修正後成果電子檔(以電子郵件方式提供)，請查照。,乾坤測繪科技有限公司,380110000G (桃園市政府工務局),使用者確認,2025-08-06 07:11:19,電子,,,2025-09-05
317,收文,中分局單信字第1145025258號,2025-08-07,中華民國114年8月7日,函,中分局單信,1145025258,有關貴公司承攬「埔里工務段、信義工務段優先關注邊坡光達應用暨進階檢測圖資建置計畫(第七期)」，因114年7月30日至7月31日豪雨啟動執行台16線23K+500~25K+500、台21線74K+000~76K+500、台21線130k+000~132k+500、台21線132k+500~134k+000邊坡特別檢測一案，詳如說明，請查照。,交通部公路局中區養護工程分局信義工務段,EB50819619 乾坤測繪科技有限公司,收文完成,2025-08-07 16:16:54,電子,,,2025-09-05
318,發文,乾坤測字第1140000133號,2025-08-07,中華民國114年8月7日,函,乾坤測,1140000133,檢送「埔里工務段、信義工務段優先關注邊坡光達應用暨進階檢測圖資建置計畫(第七期)」114年8月安全衛生協議組織會議紀錄1份，請查照。,乾坤測繪科技有限公司,A15030200HU122000 (交通部公路局中區養護工程分局信義工務段),使用者確認,2025-08-07 12:28:26,電子,,,2025-09-05
319,收文,桃工用字第1140030484號,2025-08-07,中華民國114年8月7日,開會通知單,桃工用,1140030484,「114年度桃園市都市計畫內公共設施完竣地區調查及範圍劃定管理系統建置計畫」期中報告書審查會議,桃園市政府工務局,EB50819619 乾坤測繪科技有限公司,收文完成,2025-08-08 09:17:49,電子,,,2025-09-05
320,發文,乾坤測字第1140000134號,2025-08-08,中華民國114年8月8日,函,乾坤測,1140000134,檢送本公司辦理「112至113年度桃園市轄內興辦公共設施工程用地取得所需土地市價及地上物查估、測量作業暨相關計畫書製作委託專業服務(開口契約)」-派工單號102之桃園市「中壢區龍勇路(興元路至龍仁路)道路拓寬工程」案土地協議市價查估作業成果乙式，請查照。,乾坤測繪科技有限公司,380110000G (桃園市政府工務局),使用者確認,2025-08-08 10:06:52,電子,,,2025-09-05
321,發文,乾坤測字第1140000135號,2025-08-08,中華民國114年8月8日,函,乾坤測,1140000135,檢送桃園市「中壢區龍勇路(興元路至龍仁路)道路拓寬工程」案土地協議市價及徵收市價查估作業用印後派工單正本1份，請查照。,乾坤測繪科技有限公司,380110000G (桃園市政府工務局),使用者確認,2025-08-08 14:10:19,電子,,,2025-09-05
322,發文,乾坤測字第1140000136號,2025-08-13,中華民國114年8月13日,函,乾坤測,1140000136,檢送「埔里工務段、信義工務段優先關注邊坡光達應用暨進階檢測圖資建置計畫(第七期)」之台16線23K+500~25K+500、台21線74K+000~76K+500、台21線130k+000~132k+500、台21線132k+500~134k+000邊坡特別檢測報告乙式，請查照。,乾坤測繪科技有限公司,A15030200H (交通部公路局中區養護工程分局),使用者確認,2025-08-13 13:42:27,電子,,,2025-09-05
323,發文,乾坤測字第1140000136號,2025-08-13,中華民國114年8月13日,函,乾坤測,1140000136,檢送「埔里工務段、信義工務段優先關注邊坡光達應用暨進階檢測圖資建置計畫(第七期)」之台16線23K+500~25K+500、台21線74K+000~76K+500、台21線130k+000~132k+500、台21線132k+500~134k+000邊坡特別檢測報告乙式，請查照。,乾坤測繪科技有限公司,A15030200HU122000 (交通部公路局中區養護工程分局信義工務段),使用者確認,2025-08-13 13:42:00,電子,,,2025-09-05
324,收文,府建都字第1140183075號,2025-08-13,中華民國114年8月13日,函,府建都,1140183075,檢送本府114年6月30日、7月4日召開「114年度南投市地籍圖重測區都市計畫樁位偏差研商會議」紀錄1份，請查照。,南投縣政府,EB50819619 乾坤測繪科技有限公司,收文完成,2025-08-13 15:39:23,電子,,,2025-09-05
325,收文,桃工用字第1140032632號,2025-08-13,中華民國114年8月13日,函,桃工用,1140032632,為辦理本市「桃園區國強一街至文中路道路開闢工程」用地取得作業，請協助回復地上物所有權人永豐國際汽車有限公司之陳述意見，俾憑彙整後回復，請查照。,桃園市政府工務局,EB50819619 乾坤測繪科技有限公司,收文完成,2025-08-13 11:38:27,電子,,,2025-09-05
326,收文,府工用字第1140234112號,2025-08-14,中華民國114年8月14日,函,府工用,1140234112,檢送本府114年8月5日召開「桃園市楊梅區新農街378巷13弄道路打通」用地取得協議價購或以其他方式取得會議記錄1份，詳如說明，請查照。,桃園市政府,EB50819619 乾坤測繪科技有限公司,收文完成,2025-08-14 13:44:22,電子,,,2025-09-05
327,收文,中分局信字第1145026215號,2025-08-18,中華民國114年8月18日,開會通知單,中分局信,1145026215,「埔里工務段、信義工務段優先關注邊坡光達應用暨進階檢測圖資建置計畫(第七期)」汛期前綜合評估報告審查會議,交通部公路局中區養護工程分局,EB50819619 乾坤測繪科技有限公司,收文完成,2025-08-18 11:01:59,電子,,,2025-09-05
328,收文,桃工用字第1140033396號,2025-08-19,中華民國114年8月19日,函,桃工用,1140033396,檢送本局114年8月12日辦理「桃園市『平鎮區金陵路五、六段替代道路新闢工程』用地取得協議價購土地市價審查會議」會議紀錄1份，請查照。,桃園市政府工務局,EB50819619 乾坤測繪科技有限公司（合作廠商:昇揚不動產估價師聯合事務所）,收文完成,2025-08-19 13:44:08,電子,,,2025-09-05
329,收文,府工用字第1140235898號,2025-08-20,中華民國114年8月20日,開會通知單,府工用,1140235898,桃園市桃園區「經國路208巷打通至南通路21巷」用地取得協議價購或以其他方式取得會議,桃園市政府,EB50819619 乾坤測繪科技有限公司,收文完成,2025-08-20 10:52:38,電子,,,2025-09-05
330,收文,府工用字第1140242464號,2025-08-21,中華民國114年8月21日,函,府工用,1140242464,檢送本府114年6月12日辦理本市「八德區和強路(和平路至延平路)拓寬工程」用地取得協議價購或以其他方式取得會議紀錄1份，請查照。,桃園市政府,EB50819619 乾坤測繪科技有限公司,收文完成,2025-08-21 15:23:11,電子,,,2025-09-05
331,發文,乾坤測字第1140000138號,2025-08-22,中華民國114年8月22日,函,乾坤測,1140000138,有關「114年度南投縣都市計畫樁位測補釘案委託技術服務案(開口契約)」第二次工作派工，本公司已於114年8月22日完成，檢送相關成果1份，請查照。,乾坤測繪科技有限公司,376480000A (南投縣政府),使用者確認,2025-08-22 10:30:17,電子,,,2025-09-05
332,發文,乾坤測字第1140000138號,2025-08-22,中華民國114年8月22日,函,乾坤測,1140000138,有關「114年度南投縣都市計畫樁位測補釘案委託技術服務案(開口契約)」第二次工作派工，本公司已於114年8月22日完成，檢送相關成果1份，請查照。,乾坤測繪科技有限公司,A01020100G (內政部國土管理署城鄉發展分署),使用者確認,2025-08-22 10:34:23,電子,,,2025-09-05
333,發文,乾坤測字第1140000139號,2025-08-22,中華民國114年8月22日,函,乾坤測,1140000139,檢送本公司辦理桃園市「平鎮區金陵路五、六段替代道路新闢工程」內用地範圍土地協議市價查估作業修正後成果電子檔(以電子郵件方式提供)，請查照。,乾坤測繪科技有限公司,380110000G (桃園市政府工務局),使用者確認,2025-08-22 15:58:04,電子,,,2025-09-05
334,收文,桃工用字第1140034084號,2025-08-22,中華民國114年8月22日,函,桃工用,1140034084,有關本府地政局召開本市114年地價及標準地價評議委員會預為審查專案小組第9次會議，詳如說明，請查照。,桃園市政府工務局,EB50819619 乾坤測繪科技有限公司,收文完成,2025-08-22 09:00:02,電子,,,2025-09-05
335,發文,乾坤測字第1140000140號,2025-08-25,中華民國114年8月25日,函,乾坤測,1140000140,檢送「八德區和強路(和平路至延平路)拓寬工程」用地取得所有權人陳述意見回覆表1份，請查照。,乾坤測繪科技有限公司,380110000G (桃園市政府工務局),使用者確認,2025-08-25 12:09:05,電子,,,2025-09-05
336,收文,府建都字第1140197254號,2025-08-25,中華民國114年8月25日,函,府建都,1140197254,有關貴公司函報「114年度南投縣都市計畫樁位測補釘案委託技術服務案(開口契約)」第二次工作派工於114年8月22日完工乙案，本府同意備查，請查照。,南投縣政府,EB50819619 乾坤測繪科技有限公司,收文完成,2025-08-25 16:21:20,電子,,,2025-09-05
337,收文,桃工用字第1140033478號,2025-08-25,中華民國114年8月25日,函,桃工用,1140033478,函轉有關貴公司承攬本局「112至113年度桃園市轄內興辦公共設施工程用地取得所需土地市價及地上物查估、測量作業暨相關計畫書製作委託專業服務(開口契約)」-第60次派工「桃園區同德十二街道路開闢工程地上物查估作業」本府經濟發展局函文，請查照。,桃園市政府工務局,EB50819619 乾坤測繪科技有限公司,收文完成,2025-08-25 12:50:49,電子,,,2025-09-05
338,收文,桃工用字第1140033981號,2025-08-25,中華民國114年8月25日,函,桃工用,1140033981,檢送本局114年8月12日「114年度桃園市都市計畫內公共設施完竣地區調查及範圍劃定管理系統建置計畫」期中報告書審查會議紀錄1份，請查照。,桃園市政府工務局,EB50819619 乾坤測繪科技有限公司,收文完成,2025-08-25 16:21:11,電子,,,2025-09-05
339,收文,中分局產字第1145027732號,2025-08-27,中華民國114年8月27日,函,中分局產,1145027732,本分局辦理「谷關工務段優先關注邊坡光達應用暨進階檢測圖資建置計畫(第七期)」採購，於114年8月27日開標(第一階段)資格審查，貴公司符合資格，請查照。,交通部公路局中區養護工程分局,EB50819619 乾坤測繪科技有限公司,收文完成,2025-08-27 16:27:44,電子,,,2025-09-05
340,收文,桃工用字第1140033830號,2025-08-27,中華民國114年8月27日,函,桃工用,1140033830,有關「114年度桃園市都市計畫內公共設施完竣地區調查及範圍劃定管理系統建置計畫」期中報告書修正版核定一案，詳如說明，請查照。,桃園市政府工務局,EB50819619 乾坤測繪科技有限公司,收文完成,2025-08-28 08:50:02,電子,,,2025-09-05
341,收文,桃工用字第1140034813號,2025-08-27,中華民國114年8月27日,函,桃工用,1140034813,為辦理本市「龍潭區龍新路三和段道路拓寬(直坑尾橋至三和段1240巷)」用地取得範圍內土地改良物查估作業，請臺端依排定時間會同查估，請查照。,桃園市政府工務局,EB50819619 乾坤測繪科技有限公司,收文完成,2025-08-28 08:50:11,電子,,,2025-09-05
342,發文,乾坤測字第1140000142號,2025-09-02,中華民國114年9月2日,開會通知單,乾坤測,1140000142,「埔里工務段、信義工務段優先關注邊坡光達應用暨進階檢測圖資建置計畫(第七期)」114年9月份安全衛生協議組織會議,乾坤測繪科技有限公司,A15030200HU122000 (交通部公路局中區養護工程分局信義工務段),使用者確認,2025-09-02 10:49:26,電子,,,2025-09-05
343,發文,乾坤測字第1140000143號,2025-09-02,中華民國114年9月2日,函,乾坤測,1140000143,有關「埔里工務段、信義工務段優先關注邊坡光達應用暨進階檢測圖資建置計畫（第七期）」辦理方式，詳如說明，請查照。,乾坤測繪科技有限公司,A15030200HU122000 (交通部公路局中區養護工程分局信義工務段),使用者確認,2025-09-02 10:48:50,電子,,,2025-09-05
344,發文,乾坤測字第1140000144號,2025-09-02,中華民國114年9月2日,函,乾坤測,1140000144,有關「桃園區國強一街至文中路道路開闢工程」用地取得地上物所有權人永豐國際汽車有限公司陳述意見一案，檢送本公司回復內容1份，請查照。,乾坤測繪科技有限公司,380110000G (桃園市政府工務局),使用者確認,2025-09-02 11:26:57,電子,,,2025-09-05
345,發文,乾坤測字第1140000145號,2025-09-02,中華民國114年9月2日,函,乾坤測,1140000145,檢送「114年度圖根點補建、新建作業」8月份進度表一份，請查照。,乾坤測繪科技有限公司,376500700A (嘉義縣竹崎地政事務所),使用者確認,2025-09-02 15:02:29,電子,,,2025-09-05
346,收文,府工用字第1140248422號,2025-09-02,中華民國114年9月2日,開會通知單,府工用,1140248422,桃園市龜山區「虎頭山三聖宮前串連台1線新闢道路工程」用地取得協議價購或以其他方式取得會議,桃園市政府,EB50819619 乾坤測繪科技有限公司,收文完成,2025-09-02 16:06:31,電子,,,2025-09-05
347,收文,中分局養字第1145028136號,2025-09-03,中華民國114年9月3日,函,中分局養,1145028136,檢送本分局114年8月27日召開「埔里工務段、信義工務段優先關注邊坡光達應用暨進階檢測圖資建置計畫(第七期)」汛期前綜合評估報告審查會會議紀錄1份，請查照。,交通部公路局中區養護工程分局,EB50819619 乾坤測繪科技有限公司,收文完成,2025-09-04 09:07:11,電子,,,2025-09-05
348,收文,,,,,,1140017453,,桃園市政府工務局,EB50819619 乾坤測繪科技有限公司,收文異常,2025-05-09 11:52:43,電子,,,2025-06-19
